./Messidor_Classified\Grade_4_Proliferative\c1.jpg,0.6865919828414917,0.0069728028029203415,0.001773084164597094,0.00018926178745459765,0.004552244208753109,0.00769996689632535,0.001962346024811268,6.972802657401189e-05,0.0,0.0002191452367696911,0.0011953376233577728,0.001145531889051199,0.29176199436187744,0.5061657428741455,0.05247532203793526,0.011714308522641659,0.0,0.0,0.0,0.0,0.030222119763493538,0.2656438648700714,0.285934716463089,0.13662709295749664,0.0,0.0,0.0,0.0,0.0,9.961147043213714e-06,0.0013646770967170596,0.039187151938676834,0.0,0.0,0.0,0.0,0.0,0.0,0.0,0.0,0.0,0.0,0.0,0.0,0.0,0.0,0.0,0.0,0.0,0.0,0.0,0.0,0.0,0.0,0.0,0.0,0.0,0.0,0.0,0.0,0.0,0.0,0.0,0.0,0.0,0.0,0.0,0.0,0.0,0.0,0.0,0.0,0.0,6.972802657401189e-05,0.0026297427248209715,0.004492477513849735,0.018537694588303566,0.0029684219043701887,0.00023906753631308675,1.9922294086427428e-05,0.0,0.0,0.0,0.002520170295611024,0.059458088129758835,0.06452830880880356,0.0258690994232893,0.015350127592682838,0.0,0.0,0.0,0.0,0.0,0.0002191452367696911,0.0030481109861284494,0.03664705902338028,0.0,0.0,0.0,0.0,0.0,0.0,0.0,0.007351326290518045,0.0,0.0,0.0,0.0,0.0,0.0,0.0,0.0,0.0,0.0,0.0,0.0,0.0,0.0,0.0,0.0,0.0,0.0,0.0,0.0,0.0,0.0,0.0,0.0,0.0,0.0,0.0,0.0,0.0,0.0,0.0,0.0,0.0,0.0,0.0,1.9922294086427428e-05,0.0,0.0,0.0,0.0,0.0,0.0,0.0,0.0009463089518249035,0.0021416465751826763,0.0006275522755458951,0.00016933950246311724,0.0,0.0,0.0,0.0,0.0,0.0,3.9844588172854856e-05,9.961146861314774e-05,0.0016037446912378073,0.0,0.0,0.0,0.0,0.0,0.0,0.0,0.017850374802947044,0.0,0.0,0.0,0.0,0.0,0.0,0.0,0.002171530155465007,0.0,0.0,0.0,0.0,0.0,0.0,0.0,0.0,0.0,0.0,0.0,0.0,0.0,0.0,0.0,0.0,0.0,0.0,0.0,0.0,0.0,0.0,0.0,0.0,0.0,0.0,0.0,0.0,0.0,0.0,0.0,0.0,0.0,0.0,0.0,0.0,0.0,0.0,0.0,0.0,0.0,0.0,0.0,0.0,0.0,0.0,0.0,0.0,0.0,0.0,0.0,0.0,0.0,0.0,0.0,0.0002888732706196606,0.0,0.0,0.0,0.0,0.0,0.0,0.0,0.007869306020438671,0.0,0.0,0.0,0.0,0.0,0.0,0.0,0.0,0.0,0.0,0.0,0.0,0.0,0.0,0.0,0.0,0.0,0.0,0.0,0.0,0.0,0.0,0.0,0.0,0.0,0.0,0.0,0.0,0.0,0.0,0.0,0.0,0.0,0.0,0.0,0.0,0.0,0.0,0.0,0.0,0.0,0.0,0.0,0.0,0.0,0.0,0.0,0.0,0.0,0.0,0.0,0.0,0.0,0.0,0.0,0.0,0.0,0.0,0.0,0.0,0.0,0.0,0.0,0.0,0.0,0.0,0.0,0.0,0.0,0.0,0.0,0.0,0.0,0.0,0.0,0.0,0.0,0.0,0.0,0.0,0.0,0.0,0.0,0.0,0.0,0.0,0.0,0.0,0.0,0.0,0.0,0.0,0.0,0.0,0.0,0.0,0.0,0.0,0.0,0.0,0.0,0.0,0.0,0.0,0.0,0.0,0.0,0.0,0.0,0.0,0.0,0.0,0.0,0.0,0.0,0.0,0.0,0.0,0.0,0.0,0.0,0.0,0.0,0.0,0.0,0.0,0.0,0.0,0.0,0.0,0.0,0.0,0.0,0.0,0.0,0.0,0.0,0.0,0.0,0.0,0.0,0.0,0.0,0.0,0.0,0.0,0.0,0.0,0.0,0.0,0.0,0.0,0.0,0.0,0.0,0.0,0.0,0.0,0.0,0.0,0.0,0.0,0.0,0.0,0.0,0.0,0.0,0.0,0.0,0.0,0.0,0.0,0.0,0.0,0.0,0.0,0.0,0.0,0.0,0.0,0.0,0.0,0.0,0.0,0.0,0.0,0.0,0.0,0.0,0.0,0.0,0.0,0.0,0.0,0.0,0.0,0.0,0.0,0.0,0.0,0.0,0.0,0.0,0.0,0.0,0.0,0.0,0.0,0.0,0.0,0.0,0.0,0.0,0.0,0.0,0.0,0.0,0.0,0.0,0.0,0.0,0.0,0.0,0.0,0.0,0.0,0.0,0.0,0.0,0.0,0.0,0.0,0.0,0.0,0.0,0.0,0.0,0.0,0.0,0.0,0.0,0.0,0.0,0.0,0.0,0.0,0.0,0.0,0.0,0.0,0.0,0.0,0.0,0.0,0.0,0.0,0.0,0.0,0.0,0.0,0.0,0.0,0.0,0.0,0.0,0.0,0.0,0.0,0.0,0.0,0.0,0.0
./Messidor_Classified\Grade_4_Proliferative\c10.jpg,0.6001322269439697,0.0029610078781843185,3.463167013251223e-05,0.0,0.0,0.0,0.0,0.0,0.0,0.0016363464528694749,0.0010389500530436635,0.008190389722585678,0.1150117740035057,0.0035584040451794863,0.0,0.0,0.0,0.0,0.0,0.015783384442329407,0.566149890422821,0.5118560791015625,0.028865497559309006,0.0,0.0,0.0,0.0,0.0,0.0006839754641987383,0.026259463280439377,0.008276969194412231,0.0,0.0,0.0,0.0,0.0,0.0,8.657917533128057e-06,0.0034977986942976713,0.00010389501403551549,0.0,0.0,0.0,0.0,0.0,0.0,8.657917533128057e-06,0.00019047418027184904,0.0,0.0,0.0,0.0,0.0,0.0,0.0,0.0,0.0,0.0,0.0,0.0,0.0,0.0,0.0,0.0,0.0,0.0,0.0,0.0,0.0,0.0,0.0,0.0,0.0,0.00038094836054369807,0.0021991110406816006,0.0006580017507076263,0.00014718460442963988,0.0,0.0,0.0,0.0,0.0,0.0017402414232492447,0.07055336982011795,0.1861279159784317,0.026060331612825394,0.0010216343216598034,0.0,0.0,0.0,0.0,0.0002597375132609159,0.03726367652416229,0.014198984950780869,0.011385161429643631,0.0,0.0,0.0,0.0,0.0,0.0,0.0,0.005930673331022263,0.0038787471130490303,0.0,0.0,0.0,0.0,0.0,0.0,0.0,0.0,0.0,0.0,0.0,0.0,0.0,0.0,0.0,0.0,0.0,0.0,0.0,0.0,0.0,0.0,0.0,0.0,0.0,0.0,0.0,0.0,0.0,0.0,0.0,0.0,0.0,0.0,0.0,0.0,0.0,0.0,0.0,0.0,0.0,0.0,0.0005367908743210137,0.006346253678202629,0.0009870026260614395,0.0,0.0,0.0,0.0,0.0,0.0,0.0008225021883845329,0.004857091698795557,1.7315835066256113e-05,0.0,0.0,0.0,0.0,0.0,0.0,0.0,0.0,0.0,0.0,0.0,0.0,0.0,0.0,0.0,0.0,0.0,0.0,0.0,0.0,0.0,0.0,0.0,0.0,0.0,0.0,0.0,0.0,0.0,0.0,0.0,0.0,0.0,0.0,0.0,0.0,0.0,0.0,0.0,0.0,0.0,0.0,0.0,0.0,0.0,0.0,0.0,0.0,0.0,0.0,0.0,0.0,0.0,0.0,0.0,0.0,0.0,0.0,0.0,0.0,0.0,0.0,0.0,0.0,0.0,0.0,0.0,0.0,0.0,0.0,0.0,0.0,0.0,0.0,0.0,0.0,0.0,0.0,0.0,0.0,0.0,0.0,0.0,0.0,0.0,0.0,0.0,0.0,0.0,0.0,0.0,0.0,0.0,0.0,0.0,0.0,0.0,0.0,0.0,0.0,0.0,0.0,0.0,0.0,0.0,0.0,0.0,0.0,0.0,0.0,0.0,0.0,0.0,0.0,0.0,0.0,0.0,0.0,0.0,0.0,0.0,0.0,0.0,0.0,0.0,0.0,0.0,0.0,0.0,0.0,0.0,0.0,0.0,0.0,0.0,0.0,0.0,0.0,0.0,0.0,0.0,0.0,0.0,0.0,0.0,0.0,0.0,0.0,0.0,0.0,0.0,0.0,0.0,0.0,0.0,0.0,0.0,0.0,0.0,0.0,0.0,0.0,0.0,0.0,0.0,0.0,0.0,0.0,0.0,0.0,0.0,0.0,0.0,0.0,0.0,0.0,0.0,0.0,0.0,0.0,0.0,0.0,0.0,0.0,0.0,0.0,0.0,0.0,0.0,0.0,0.0,0.0,0.0,0.0,0.0,0.0,0.0,0.0,0.0,0.0,0.0,0.0,0.0,0.0,0.0,0.0,0.0,0.0,0.0,0.0,0.0,0.0,0.0,0.0,0.0,0.0,0.0,0.0,0.0,0.0,0.0,0.0,0.0,0.0,0.0,0.0,0.0,0.0,0.0,0.0,0.0,0.0,0.0,0.0,0.0,0.0,0.0,0.0,0.0,0.0,0.0,0.0,0.0,0.0,0.0,0.0,0.0,0.0,0.0,0.0,0.0,0.0,0.0,0.0,0.0,0.0,0.0,0.0,0.0,0.0,0.0,0.0,0.0,0.0,0.0,0.0,0.0,0.0,0.0,0.0,0.0,0.0,0.0,0.0,0.0,0.0,0.0,0.0,0.0,0.0,0.0,0.0,0.0,0.0,0.0,0.0,0.0,0.0,0.0,0.0,0.0,0.0,0.0,0.0,0.0,0.0,0.0,0.0,0.0,0.0,0.0,0.0,0.0,0.0,0.0,0.0,0.0,0.0,0.0,0.0,0.0,0.0,0.0,0.0,0.0,0.0,0.0,0.0,0.0,0.0,0.0,0.0,0.0,0.0,0.0,0.0,0.0,0.0,0.0,0.0,0.0,0.0,0.0,0.0,0.0,0.0,0.0,0.0,0.0,0.0,0.0,0.0,0.0,0.0,0.0,0.0,0.0,0.0,0.0,0.0,0.0,0.0,0.0,0.0
./Messidor_Classified\Grade_4_Proliferative\c11.jpg,0.6836379766464233,0.00964005384594202,0.003646498778834939,0.0004029280389659107,0.0,0.0,0.0,0.0,0.0,1.0073201337945648e-05,0.0005439528613351285,0.0013699553674086928,6.0439208027673885e-05,0.0004835136642213911,0.0,0.0,0.0,0.0,0.0,0.0,0.0,0.0018433958757668734,0.0009569541434757411,0.0,0.0,0.0,0.0,0.0,0.0,0.0,0.0,0.0,0.0,0.0,0.0,0.0,0.0,0.0,0.0,0.0,0.0,0.0,0.0,0.0,0.0,0.0,0.0,0.0,0.0,0.0,0.0,0.0,0.0,0.0,0.0,0.0,0.0,0.0,0.0,0.0,0.0,0.0,0.0,0.0,0.0,0.0,0.0,0.0,0.0,0.0,0.0,0.0,0.0,0.0,0.0004633672651834786,0.001228930545039475,0.001319589326158166,0.014031969010829926,0.004150158725678921,0.00027197643066756427,0.0,0.0,0.0,0.0001712444209260866,0.017406491562724113,0.3899134695529938,0.3105870187282562,0.011906524188816547,0.0,0.0,0.0,0.0,0.0,0.00014102482236921787,0.03935599699616432,0.019320400431752205,0.0,0.0,0.0,0.0,0.0,0.0,0.0,3.0219604013836943e-05,0.0,0.0,0.0,0.0,0.0,0.0,0.0,0.0,0.0,0.0,0.0,0.0,0.0,0.0,0.0,0.0,0.0,0.0,0.0,0.0,0.0,0.0,0.0,0.0,0.0,0.0,0.0,0.0,0.0,0.0,0.0,0.0,0.0,0.0,1.0073201337945648e-05,5.0366004870738834e-05,4.029280535178259e-05,3.0219604013836943e-05,0.0,0.0,0.0,0.0,0.0,0.0005842456594109535,0.013759993016719818,0.06558661162853241,0.17659328877925873,0.016520049422979355,0.0,0.0,0.0,0.0,3.0219604013836943e-05,0.00711168022826314,0.2412128746509552,0.42309460043907166,0.0,0.0,0.0,0.0,0.0,0.0,2.0146402675891295e-05,0.06400512158870697,0.0,0.0,0.0,0.0,0.0,0.0,0.0,0.0,0.0,0.0,0.0,0.0,0.0,0.0,0.0,0.0,0.0,0.0,0.0,0.0,0.0,0.0,0.0,0.0,0.0,0.0,0.0,0.0,0.0,0.0,0.0,0.0,0.0,0.0,0.0,0.0,0.0,0.0,0.0,0.0,0.0,0.0,0.0,0.0,3.0219604013836943e-05,8.058561070356518e-05,3.0219604013836943e-05,0.00016117122140713036,0.0,0.0,0.0,0.0,0.00010073200974147767,0.0007252704817801714,0.007726145442575216,0.04883487895131111,0.0,0.0,0.0,0.0,0.0,1.0073201337945648e-05,0.0008965149172581732,0.04034317284822464,0.0,0.0,0.0,0.0,0.0,0.0,0.0,0.00010073200974147767,0.0,0.0,0.0,0.0,0.0,0.0,0.0,0.0,0.0,0.0,0.0,0.0,0.0,0.0,0.0,0.0,0.0,0.0,0.0,0.0,0.0,0.0,0.0,0.0,0.0,0.0,0.0,0.0,0.0,0.0,0.0,0.0,0.0,0.0,0.0,0.0,0.0,0.0,0.0,0.0,0.0,0.0,0.0,0.0,0.0,2.0146402675891295e-05,5.0366004870738834e-05,0.0008763684891164303,0.0,0.0,0.0,0.0,0.0,0.0,0.0005943189025856555,0.0074038030579686165,0.0,0.0,0.0,0.0,0.0,0.0,0.0,0.003082399722188711,0.0,0.0,0.0,0.0,0.0,0.0,0.0,0.0,0.0,0.0,0.0,0.0,0.0,0.0,0.0,0.0,0.0,0.0,0.0,0.0,0.0,0.0,0.0,0.0,0.0,0.0,0.0,0.0,0.0,0.0,0.0,0.0,0.0,0.0,0.0,0.0,0.0,0.0,0.0,0.0,0.0,0.0,0.0,0.0,0.0,0.0,0.0,0.0,0.0,0.0,0.0,0.0,0.0,0.0,2.0146402675891295e-05,0.00041300125303678215,0.0,0.0,0.0,0.0,0.0,0.0,0.0,0.0017023710533976555,0.0,0.0,0.0,0.0,0.0,0.0,0.0,0.0010173933114856482,0.0,0.0,0.0,0.0,0.0,0.0,0.0,0.0,0.0,0.0,0.0,0.0,0.0,0.0,0.0,0.0,0.0,0.0,0.0,0.0,0.0,0.0,0.0,0.0,0.0,0.0,0.0,0.0,0.0,0.0,0.0,0.0,0.0,0.0,0.0,0.0,0.0,0.0,0.0,0.0,0.0,0.0,0.0,0.0,0.0,0.0,0.0,0.0,0.0,0.0,0.0,0.0,0.0,0.0,0.0,0.0004835136642213911,0.0,0.0,0.0,0.0,0.0,0.0,0.0,0.0033644491340965033,0.0,0.0,0.0,0.0,0.0,0.0,0.0,0.0,0.0,0.0,0.0,0.0,0.0,0.0,0.0,0.0,0.0,0.0,0.0,0.0,0.0,0.0,0.0,0.0,0.0,0.0,0.0,0.0,0.0,0.0,0.0,0.0,0.0,0.0,0.0,0.0,0.0,0.0,0.0,0.0,0.0,0.0,0.0,0.0,0.0,0.0,0.0,0.0,0.0,0.0,0.0,0.0,0.0,0.0,0.0,0.0,0.0,0.0,0.0,0.0,0.0,0.0,0.0,0.0007252704817801714,0.0,0.0,0.0,0.0,0.0,0.0,0.0,0.00029212282970547676
./Messidor_Classified\Grade_4_Proliferative\c12.jpg,0.5604658126831055,0.00525641068816185,0.2725762724876404,0.04816799238324165,0.002271182369440794,0.0,0.0,0.0,0.0,0.0029164045117795467,0.3303193747997284,0.6493516564369202,0.273333340883255,0.0,0.0,0.0,0.0,0.0,0.0001376474101562053,0.00023227999918162823,0.005127366166561842,0.0012560326140373945,0.0,0.0,0.0,0.0,0.0,0.0,0.0,3.4411852539051324e-05,0.0,0.0,0.0,0.0,0.0,0.0,0.0,0.0,0.0,0.0,0.0,0.0,0.0,0.0,0.0,0.0,0.0,0.0,0.0,0.0,0.0,0.0,0.0,0.0,0.0,0.0,0.0,0.0,0.0,0.0,0.0,0.0,0.0,0.0,0.0,0.0,0.0,0.0,0.0,0.0,0.0,0.0,0.0,0.0009291199967265129,0.01612195372581482,0.030032943934202194,6.882370507810265e-05,0.0,0.0,0.0,0.0,0.0,0.00461118808016181,0.05025850981473923,3.4411852539051324e-05,0.00021507407655008137,0.0,0.0,0.0,0.0,0.0,0.0,0.0,6.022074376232922e-05,0.0,0.0,0.0,0.0,0.0,0.0,0.0,0.0,0.0,0.0,0.0,0.0,0.0,0.0,0.0,0.0,0.0,0.0,0.0,0.0,0.0,0.0,0.0,0.0,0.0,0.0,0.0,0.0,0.0,0.0,0.0,0.0,0.0,0.0,0.0,0.0,0.0,0.0,0.0,0.0,0.0,0.0,0.0,0.0,8.602963134762831e-06,0.0,0.0,0.0,0.0,0.0,0.0,0.0,0.00029250074294395745,0.0011011792812496424,8.602963134762831e-06,0.0,0.0,0.0,0.0,0.0,0.0,2.5808889404288493e-05,0.0,0.0,0.0,0.0,0.0,0.0,0.0,0.0,0.0,0.0,0.0,0.0,0.0,0.0,0.0,0.0,0.0,0.0,0.0,0.0,0.0,0.0,0.0,0.0,0.0,0.0,0.0,0.0,0.0,0.0,0.0,0.0,0.0,0.0,0.0,0.0,0.0,0.0,0.0,0.0,0.0,0.0,0.0,0.0,0.0,0.0,0.0,0.0,0.0,0.0,0.0,0.0,0.0,0.0,0.0,0.0,0.0,0.0,0.0,0.0,0.0,0.0,0.0,0.0,0.0,0.0,0.0,0.0,0.0,0.0,0.0,0.0,0.0,0.0,0.0,0.0,0.0,0.0,0.0,0.0,0.0,0.0,0.0,0.0,0.0,0.0,0.0,0.0,0.0,0.0,0.0,0.0,0.0,0.0,0.0,0.0,0.0,0.0,0.0,0.0,0.0,0.0,0.0,0.0,0.0,0.0,0.0,0.0,0.0,0.0,0.0,0.0,0.0,0.0,0.0,0.0,0.0,0.0,0.0,0.0,0.0,0.0,0.0,0.0,0.0,0.0,0.0,0.0,0.0,0.0,0.0,0.0,0.0,0.0,0.0,0.0,0.0,0.0,0.0,0.0,0.0,0.0,0.0,0.0,0.0,0.0,0.0,0.0,0.0,0.0,0.0,0.0,0.0,0.0,0.0,0.0,0.0,0.0,0.0,0.0,0.0,0.0,0.0,0.0,0.0,0.0,0.0,0.0,0.0,0.0,0.0,0.0,0.0,0.0,0.0,0.0,0.0,0.0,0.0,0.0,0.0,0.0,0.0,0.0,0.0,0.0,0.0,0.0,0.0,0.0,0.0,0.0,0.0,0.0,0.0,0.0,0.0,0.0,0.0,0.0,0.0,0.0,0.0,0.0,0.0,0.0,0.0,0.0,0.0,0.0,0.0,0.0,0.0,0.0,0.0,0.0,0.0,0.0,0.0,0.0,0.0,0.0,0.0,0.0,0.0,0.0,0.0,0.0,0.0,0.0,0.0,0.0,0.0,0.0,0.0,0.0,0.0,0.0,0.0,0.0,0.0,0.0,0.0,0.0,0.0,0.0,0.0,0.0,0.0,0.0,0.0,0.0,0.0,0.0,0.0,0.0,0.0,0.0,0.0,0.0,0.0,0.0,0.0,0.0,0.0,0.0,0.0,0.0,0.0,0.0,0.0,0.0,0.0,0.0,0.0,0.0,0.0,0.0,0.0,0.0,0.0,0.0,0.0,0.0,0.0,0.0,0.0,0.0,0.0,0.0,0.0,0.0,0.0,0.0,0.0,0.0,0.0,0.0,0.0,0.0,0.0,0.0,0.0,0.0,0.0,0.0,0.0,0.0,0.0,0.0,0.0,0.0,0.0,0.0,0.0,0.0,0.0,0.0,0.0,0.0,0.0,0.0,0.0,0.0,0.0,0.0,0.0,0.0,0.0,0.0,0.0,0.0,0.0,0.0,0.0,0.0,0.0,0.0,0.0,0.0,0.0,0.0,0.0,0.0,0.0,0.0,0.0,0.0,0.0,0.0,0.0,0.0,0.0,0.0,0.0,0.0
./Messidor_Classified\Grade_4_Proliferative\c13.jpg,0.6651328206062317,0.003743550041690469,0.0005567330517806113,0.0,0.0,0.0,0.0,0.0,2.879653766285628e-05,0.002178938128054142,0.0015934085240587592,0.38111257553100586,0.47282955050468445,0.058447375893592834,0.005903290584683418,0.0,0.0,0.0,0.00015358153905253857,0.17879770696163177,0.13399989902973175,0.3561555743217468,0.05015397071838379,0.0,0.0,0.0,0.0,9.598846372682601e-05,0.0008255007560364902,0.011105865240097046,0.014225490391254425,0.0003263607795815915,0.0,0.0,0.0,0.0,0.0,0.0,0.0042234924621880054,0.002390112727880478,0.0,0.0,0.0,0.0,0.0,0.0,0.0,4.7994231863413006e-05,0.0,0.0,0.0,0.0,0.0,0.0,0.0,0.0,0.0,0.0,0.0,0.0,0.0,0.0,0.0,0.0,0.0,0.0,0.0,0.0,0.0,0.0,0.0,0.0,0.0,0.0008063030545599759,0.0014494258211925626,0.00040315152727998793,1.9197692381567322e-05,0.0,0.0,0.0,0.0,0.0,0.003810741938650608,0.05900410935282707,0.03789624571800232,0.005000998731702566,0.0,0.0,0.0,0.0,0.0,0.010395550169050694,0.018967319279909134,0.002889252733439207,0.002678078133612871,0.00038395385490730405,0.0,0.0,0.0,0.0,0.0,0.0,0.006248848978430033,0.011748988181352615,0.0,0.0,0.0,0.0,0.0,0.0,0.0,0.007131942547857761,0.0,0.0,0.0,0.0,0.0,0.0,0.0,5.759307532571256e-05,0.0,0.0,0.0,0.0,0.0,0.0,0.0,0.0,0.0,0.0,0.0,0.0,0.0,0.0,0.0,0.0,0.0,0.0,0.0,0.0,0.0,0.0,0.0,0.0,0.0,0.0,0.00038395385490730405,0.0010078788036480546,0.00023997115204110742,9.598846190783661e-06,0.0,0.0,0.0,0.0,0.0,0.001199855818413198,0.0003743550041690469,4.7994231863413006e-05,0.0,0.0,0.0,0.0,0.0,0.0,0.0,1.9197692381567322e-05,6.719192606396973e-05,9.598846190783661e-06,0.0,0.0,0.0,0.0,0.0,0.0,0.0,0.0,0.0,0.0,0.0,0.0,0.0,0.0,0.0,0.0,0.0,0.0,0.0,0.0,0.0,0.0,0.0,0.0,0.0,0.0,0.0,0.0,0.0,0.0,0.0,0.0,0.0,0.0,0.0,0.0,0.0,0.0,0.0,0.0,0.0,0.0,0.0,0.0,0.0,0.0,0.0,0.0,0.0,0.0,0.0,0.0,0.0,0.0,0.0,0.0,0.0,0.0,0.0,0.0,0.0,0.0,0.0,0.0,0.0,0.0,0.0,0.0,0.0,0.0,0.0,0.0,0.0,0.0,0.0,0.0,0.0,0.0,0.0,0.0,0.0,0.0,0.0,0.0,0.0,0.0,0.0,0.0,0.0,0.0,0.0,0.0,0.0,0.0,0.0,0.0,0.0,0.0,0.0,0.0,0.0,0.0,0.0,0.0,0.0,0.0,0.0,0.0,0.0,0.0,0.0,0.0,0.0,0.0,0.0,0.0,0.0,0.0,0.0,0.0,0.0,0.0,0.0,0.0,0.0,0.0,0.0,0.0,0.0,0.0,0.0,0.0,0.0,0.0,0.0,0.0,0.0,0.0,0.0,0.0,0.0,0.0,0.0,0.0,0.0,0.0,0.0,0.0,0.0,0.0,0.0,0.0,0.0,0.0,0.0,0.0,0.0,0.0,0.0,0.0,0.0,0.0,0.0,0.0,0.0,0.0,0.0,0.0,0.0,0.0,0.0,0.0,0.0,0.0,0.0,0.0,0.0,0.0,0.0,0.0,0.0,0.0,0.0,0.0,0.0,0.0,0.0,0.0,0.0,0.0,0.0,0.0,0.0,0.0,0.0,0.0,0.0,0.0,0.0,0.0,0.0,0.0,0.0,0.0,0.0,0.0,0.0,0.0,0.0,0.0,0.0,0.0,0.0,0.0,0.0,0.0,0.0,0.0,0.0,0.0,0.0,0.0,0.0,0.0,0.0,0.0,0.0,0.0,0.0,0.0,0.0,0.0,0.0,0.0,0.0,0.0,0.0,0.0,0.0,0.0,0.0,0.0,0.0,0.0,0.0,0.0,0.0,0.0,0.0,0.0,0.0,0.0,0.0,0.0,0.0,0.0,0.0,0.0,0.0,0.0,0.0,0.0,0.0,0.0,0.0,0.0,0.0,0.0,0.0,0.0,0.0,0.0,0.0,0.0,0.0,0.0,0.0,0.0,0.0,0.0,0.0,0.0,0.0,0.0,0.0,0.0,0.0,0.0,0.0,0.0,0.0,0.0,0.0,0.0,0.0,0.0,0.0,0.0,0.0,0.0,0.0,0.0,0.0,0.0,0.0,0.0,0.0,0.0,0.0,0.0,0.0,0.0,0.0,0.0,0.0,0.0,0.0,0.0,0.0,0.0,0.0,0.0,0.0,0.0,0.0,0.0,0.0,0.0,0.0,0.0,0.0,0.0,0.0,0.0,0.0,0.0,0.0,0.0,0.0,0.0,0.0,0.0,0.0,0.0
./Messidor_Classified\Grade_4_Proliferative\c14.jpg,0.5779646635055542,0.003591964952647686,0.0001083423339878209,0.0,0.0,0.0,0.0,0.0,0.0,0.0015417947433888912,0.0023085251450538635,0.02024334855377674,0.2332860380411148,0.04447869583964348,2.500207665434573e-05,0.0,0.0,0.0,1.6668051102897152e-05,0.06504707038402557,0.6306273937225342,0.4519958794116974,0.03348611295223236,5.833817704115063e-05,0.0,0.0,0.0,0.0,0.0012334358179941773,0.010017498396337032,0.02170180343091488,0.004042002372443676,0.0,0.0,0.0,0.0,0.0,0.0,0.0010834232671186328,0.00962579995393753,0.0,0.0,0.0,0.0,0.0,0.0,0.0,0.0010584212141111493,0.0,0.0,0.0,0.0,0.0,0.0,0.0,0.0,0.0,0.0,0.0,0.0,0.0,0.0,0.0,0.0,0.0,0.0,0.0,0.0,0.0,0.0,0.0,0.0,0.0,5.000415330869146e-05,0.0018668216653168201,0.0006000498542562127,0.0001083423339878209,0.0,0.0,0.0,0.0,0.0,0.0013167760334908962,0.014434532262384892,0.027477283030748367,0.0013417780864983797,0.0,0.0,0.0,0.0,0.0,0.0007417282904498279,0.006108840927481651,0.0013584461994469166,0.0006417199620045722,0.0010834232671186328,0.0,0.0,0.0,0.0,0.0,0.0,0.00025835479027591646,0.0081506771966815,0.0,0.0,0.0,0.0,0.0,0.0,0.0,0.004350361414253712,0.0,0.0,0.0,0.0,0.0,0.0,0.0,0.00040836725383996964,0.0,0.0,0.0,0.0,0.0,0.0,0.0,0.0,0.0,0.0,0.0,0.0,0.0,0.0,0.0,0.0,0.0,0.0,0.0,0.0,0.0,0.0,0.0,0.0,0.0,0.0,8.334025551448576e-06,0.00046670541632920504,3.3336102205794305e-05,0.0,0.0,0.0,0.0,0.0,0.0,0.00023335270816460252,0.00013334440882317722,0.0,0.0,0.0,0.0,0.0,0.0,0.0,0.0,0.0,0.0,0.0,0.0,0.0,0.0,0.0,0.0,0.0,0.0,0.0,0.0,0.0,0.0,0.0,0.0,0.0,0.0,0.0,0.0,0.0,0.0,0.0,0.0,0.0,0.0,0.0,0.0,0.0,0.0,0.0,0.0,0.0,0.0,0.0,0.0,0.0,0.0,0.0,0.0,0.0,0.0,0.0,0.0,0.0,0.0,0.0,0.0,0.0,0.0,0.0,0.0,0.0,0.0,0.0,0.0,0.0,0.0,0.0,0.0,0.0,0.0,0.0,0.0,0.0,0.0,0.0,0.0,0.0,0.0,0.0,0.0,0.0,0.0,0.0,0.0,0.0,0.0,0.0,0.0,0.0,0.0,0.0,0.0,0.0,0.0,0.0,0.0,0.0,0.0,0.0,0.0,0.0,0.0,0.0,0.0,0.0,0.0,0.0,0.0,0.0,0.0,0.0,0.0,0.0,0.0,0.0,0.0,0.0,0.0,0.0,0.0,0.0,0.0,0.0,0.0,0.0,0.0,0.0,0.0,0.0,0.0,0.0,0.0,0.0,0.0,0.0,0.0,0.0,0.0,0.0,0.0,0.0,0.0,0.0,0.0,0.0,0.0,0.0,0.0,0.0,0.0,0.0,0.0,0.0,0.0,0.0,0.0,0.0,0.0,0.0,0.0,0.0,0.0,0.0,0.0,0.0,0.0,0.0,0.0,0.0,0.0,0.0,0.0,0.0,0.0,0.0,0.0,0.0,0.0,0.0,0.0,0.0,0.0,0.0,0.0,0.0,0.0,0.0,0.0,0.0,0.0,0.0,0.0,0.0,0.0,0.0,0.0,0.0,0.0,0.0,0.0,0.0,0.0,0.0,0.0,0.0,0.0,0.0,0.0,0.0,0.0,0.0,0.0,0.0,0.0,0.0,0.0,0.0,0.0,0.0,0.0,0.0,0.0,0.0,0.0,0.0,0.0,0.0,0.0,0.0,0.0,0.0,0.0,0.0,0.0,0.0,0.0,0.0,0.0,0.0,0.0,0.0,0.0,0.0,0.0,0.0,0.0,0.0,0.0,0.0,0.0,0.0,0.0,0.0,0.0,0.0,0.0,0.0,0.0,0.0,0.0,0.0,0.0,0.0,0.0,0.0,0.0,0.0,0.0,0.0,0.0,0.0,0.0,0.0,0.0,0.0,0.0,0.0,0.0,0.0,0.0,0.0,0.0,0.0,0.0,0.0,0.0,0.0,0.0,0.0,0.0,0.0,0.0,0.0,0.0,0.0,0.0,0.0,0.0,0.0,0.0,0.0,0.0,0.0,0.0,0.0,0.0,0.0,0.0,0.0,0.0,0.0,0.0,0.0,0.0,0.0,0.0,0.0,0.0,0.0,0.0,0.0,0.0,0.0,0.0,0.0,0.0,0.0,0.0,0.0,0.0,0.0,0.0,0.0,0.0,0.0,0.0,0.0,0.0,0.0,0.0,0.0,0.0,0.0,0.0,0.0,0.0,0.0,0.0,0.0,0.0,0.0,0.0,0.0,0.0,0.0
./Messidor_Classified\Grade_4_Proliferative\c15.jpg,0.7204763293266296,0.007883974350988865,0.002659277059137821,0.0004901412758044899,0.0,0.0,0.0,0.0,0.0,0.0001772851392161101,0.0009385683806613088,0.0006778549286536872,0.1073722168803215,0.413898229598999,0.01642494648694992,0.00023985635198187083,0.0,0.0,0.0,0.0,0.02319306693971157,0.3513895571231842,0.1719352900981903,0.02661362662911415,0.0,0.0,0.0,0.0,0.0,0.0,3.1285613658837974e-05,3.1285613658837974e-05,0.0,0.0,0.0,0.0,0.0,0.0,0.0,0.0,0.0,0.0,0.0,0.0,0.0,0.0,0.0,0.0,0.0,0.0,0.0,0.0,0.0,0.0,0.0,0.0,0.0,0.0,0.0,0.0,0.0,0.0,0.0,0.0,0.0,0.0,0.0,0.0,0.0,0.0,0.0,0.0,0.0,0.0001251424546353519,0.0022108498960733414,0.003483131527900696,0.0398787260055542,0.018322940915822983,0.0005735695594921708,9.385683370055631e-05,0.0,0.0,6.257122731767595e-05,0.0004901412758044899,0.10980206727981567,0.21928085386753082,0.26608413457870483,0.06775420904159546,0.0,0.0,0.0,0.0,0.0,0.0,0.01041810866445303,0.0689534917473793,0.0,0.0,0.0,0.0,0.0,0.0,0.0,0.0014391381992027164,0.0,0.0,0.0,0.0,0.0,0.0,0.0,0.0,0.0,0.0,0.0,0.0,0.0,0.0,0.0,0.0,0.0,0.0,0.0,0.0,0.0,0.0,0.0,0.0,0.0,0.0,0.0,0.0,0.0,0.0,0.0,0.0,0.0,0.0,6.257122731767595e-05,1.0428537279949524e-05,2.0857074559899047e-05,0.0,0.0,0.0,0.0,0.0,0.0001355709828203544,0.0031389896757900715,0.016101662069559097,0.011231535114347935,0.0001772851392161101,0.0,0.0,0.0,0.0,0.0,0.0005839981022290885,0.0005005698185414076,0.0,0.005485410802066326,0.0,0.0,0.0,0.0,0.0,0.0,0.0,0.024079492315649986,0.0,0.0,0.0,0.0,0.0,0.0,0.0,0.002419420750811696,0.0,0.0,0.0,0.0,0.0,0.0,0.0,0.0,0.0,0.0,0.0,0.0,0.0,0.0,0.0,0.0,0.0,0.0,0.0,0.0,0.0,0.0,0.0,0.0,0.0,0.0,0.0,0.0,0.0,0.0,0.0,0.0,0.0,0.0,0.0,0.0,5.2142684580758214e-05,0.0,0.0,0.0,0.0,0.0,0.0,0.0,0.00010428536916151643,0.0,0.0,0.0,0.0,0.0,0.0,0.0,0.0,0.0,0.0,0.0008238544687628746,0.0,0.0,0.0,0.0,0.0,0.0,0.0,0.008134258911013603,0.0,0.0,0.0,0.0,0.0,0.0,0.0,0.0017937084194272757,0.0,0.0,0.0,0.0,0.0,0.0,0.0,0.0,0.0,0.0,0.0,0.0,0.0,0.0,0.0,0.0,0.0,0.0,0.0,0.0,0.0,0.0,0.0,0.0,0.0,0.0,0.0,0.0,0.0,0.0,0.0,0.0,0.0,0.0,0.0,0.0,0.0,0.0,0.0,0.0,0.0,0.0,0.0,0.0,0.0,0.0,0.0,0.0,0.0,0.0,0.0,0.0,0.0,0.0,0.0,0.00020857073832303286,0.0,0.0,0.0,0.0,0.0,0.0,0.0,0.0052351257763803005,0.0,0.0,0.0,0.0,0.0,0.0,0.0,7.299976277863607e-05,0.0,0.0,0.0,0.0,0.0,0.0,0.0,0.0,0.0,0.0,0.0,0.0,0.0,0.0,0.0,0.0,0.0,0.0,0.0,0.0,0.0,0.0,0.0,0.0,0.0,0.0,0.0,0.0,0.0,0.0,0.0,0.0,0.0,0.0,0.0,0.0,0.0,0.0,0.0,0.0,0.0,0.0,0.0,0.0,0.0,0.0,0.0,0.0,0.0,0.0,0.0,0.0,0.0,0.0,0.0,0.0,0.0,0.0,0.0,0.0,0.0,0.0,0.0,0.0,0.0,0.0,0.0,0.0,0.0,0.0,0.0,0.0,0.0,0.0,0.0,0.0,0.0,0.0,0.0,0.0,0.0,0.0,0.0,0.0,0.0,0.0,0.0,0.0,0.0,0.0,0.0,0.0,0.0,0.0,0.0,0.0,0.0,0.0,0.0,0.0,0.0,0.0,0.0,0.0,0.0,0.0,0.0,0.0,0.0,0.0,0.0,0.0,0.0,0.0,0.0,0.0,0.0,0.0,0.0,0.0,0.0,0.0,0.0,0.0,0.0,0.0,0.0,0.0,0.0,0.0,0.0,0.0,0.0,0.0,0.0,0.0,0.0,0.0,0.0,0.0,0.0,0.0,0.0,0.0,0.0,0.0,0.0,0.0,0.0,0.0,0.0,0.0,0.0,0.0,0.0,0.0,0.0,0.0,0.0,0.0,0.0,0.0,0.0,0.0,0.0,0.0,0.0,0.0,0.0,0.0,0.0,0.0,0.0,0.0,0.0,0.0,0.0,0.0,0.0,0.0,0.0,0.0,0.0,0.0,0.0,0.0,0.0,0.0,0.0,0.0,0.0,0.0
./Messidor_Classified\Grade_4_Proliferative\c16.jpg,0.6943800449371338,0.007808249443769455,0.002821044996380806,0.0,0.0,0.0,9.06764471437782e-05,0.0,0.0,2.0150320779066533e-05,0.0016422511544078588,0.002297136466950178,0.08125616610050201,0.34411710500717163,0.08738186955451965,0.0023777377791702747,0.0,0.0,0.0,0.0001209019246743992,0.02168174460530281,0.3967698812484741,0.42760995030403137,0.12451890856027603,0.0,0.0,0.0,0.0,0.0,0.0,0.0004433070425875485,0.019918592646718025,0.0,0.0,0.0,0.0,0.0,0.0,0.0,0.0,0.0,0.0,0.0,0.0,0.0,0.0,0.0,0.0,0.0,0.0,0.0,0.0,0.0,0.0,0.0,0.0,0.0,0.0,0.0,0.0,0.0,0.0,0.0,0.0,0.0,0.0,0.0,0.0,0.0,0.0,0.0,0.0,0.0,0.0,0.0011183428578078747,0.005249158479273319,0.020402200520038605,0.006558929570019245,0.0007455618469975889,0.0,0.0,0.0,0.0,0.0008160879951901734,0.05799262225627899,0.12550626695156097,0.07613798975944519,0.012090192176401615,0.0,0.0,0.0,0.0,2.0150320779066533e-05,0.00020150320779066533,0.012996956706047058,0.04366574436426163,0.0,0.0,0.0,0.0,0.0,0.0,0.0,0.012593950144946575,0.0,0.0,0.0,0.0,0.0,0.0,0.0,0.0,0.0,0.0,0.0,0.0,0.0,0.0,0.0,0.0,0.0,0.0,0.0,0.0,0.0,0.0,0.0,0.0,0.0,0.0,0.0,0.0,0.0,0.0,0.0,0.0,0.0,0.0,0.0,3.02254811685998e-05,1.0075160389533266e-05,0.0,0.0,0.0,0.0,0.0,0.0,0.0006649605929851532,0.0049368287436664104,0.0018840549746528268,4.0300641558133066e-05,0.0,0.0,0.0,0.0,0.0,8.060128311626613e-05,0.0009672153973951936,0.008584036491811275,0.0055111125111579895,0.0,0.0,0.0,0.0,0.0,0.0,0.004221491981297731,0.02274971269071102,0.0,0.0,0.0,0.0,0.0,0.0,0.0,8.060128311626613e-05,0.0,0.0,0.0,0.0,0.0,0.0,0.0,0.0,0.0,0.0,0.0,0.0,0.0,0.0,0.0,0.0,0.0,0.0,0.0,0.0,0.0,0.0,0.0,0.0,0.0,0.0,0.0,0.0,0.0,0.0,0.0,0.0,0.0,0.0,0.0,0.0,0.0,0.0,0.0,0.0,0.0,0.0,0.0,0.0,2.0150320779066533e-05,1.0075160389533266e-05,0.0,0.0,0.0,0.0,0.0,0.0,0.0,0.0,0.0,0.0,0.0,0.0,0.0,0.0,0.0,0.0,0.0,0.0,0.0,0.0,0.0,0.0,0.0,0.0,0.0,0.0,0.0,0.0,0.0,0.0,0.0,0.0,0.0,0.0,0.0,0.0,0.0,0.0,0.0,0.0,0.0,0.0,0.0,0.0,0.0,0.0,0.0,0.0,0.0,0.0,0.0,0.0,0.0,0.0,0.0,0.0,0.0,0.0,0.0,0.0,0.0,0.0,0.0,0.0,0.0,0.0,0.0,0.0,0.0,0.0,0.0,0.0,0.0,0.0,0.0,0.0,0.0,0.0,0.0,0.0,0.0,0.0,0.0,0.0,0.0,0.0,0.0,0.0,0.0,0.0,0.0,0.0,0.0,0.0,0.0,0.0,0.0,0.0,0.0,0.0,0.0,0.0,0.0,0.0,0.0,0.0,0.0,0.0,0.0,0.0,0.0,0.0,0.0,0.0,0.0,0.0,0.0,0.0,0.0,0.0,0.0,0.0,0.0,0.0,0.0,0.0,0.0,0.0,0.0,0.0,0.0,0.0,0.0,0.0,0.0,0.0,0.0,0.0,0.0,0.0,0.0,0.0,0.0,0.0,0.0,0.0,0.0,0.0,0.0,0.0,0.0,0.0,0.0,0.0,0.0,0.0,0.0,0.0,0.0,0.0,0.0,0.0,0.0,0.0,0.0,0.0,0.0,0.0,0.0,0.0,0.0,0.0,0.0,0.0,0.0,0.0,0.0,0.0,0.0,0.0,0.0,0.0,0.0,0.0,0.0,0.0,0.0,0.0,0.0,0.0,0.0,0.0,0.0,0.0,0.0,0.0,0.0,0.0,0.0,0.0,0.0,0.0,0.0,0.0,0.0,0.0,0.0,0.0,0.0,0.0,0.0,0.0,0.0,0.0,0.0,0.0,0.0,0.0,0.0,0.0,0.0,0.0,0.0,0.0,0.0,0.0,0.0,0.0,0.0,0.0,0.0,0.0,0.0,0.0,0.0,0.0,0.0,0.0,0.0,0.0,0.0,0.0,0.0,0.0,0.0,0.0,0.0,0.0,0.0,0.0,0.0,0.0,0.0,0.0,0.0,0.0,0.0,0.0,0.0,0.0,0.0,0.0,0.0,0.0,0.0,0.0,0.0,0.0,0.0,0.0,0.0,0.0,0.0,0.0,0.0,0.0,0.0,0.0,0.0,0.0,0.0,0.0,0.0,0.0,0.0,0.0,0.0,0.0,0.0,0.0
./Messidor_Classified\Grade_4_Proliferative\c17.jpg,0.5661446452140808,0.005602570250630379,0.0005048827733844519,0.0,0.0,0.0,0.0,0.0,0.0,0.0001465788809582591,0.0024185513611882925,0.0001791519607650116,0.0028664313722401857,0.00869701337069273,0.0,0.0,0.0,0.0,0.0,8.143270861182828e-06,0.02223927341401577,0.7590831518173218,0.17855750024318695,0.0,0.0,0.0,0.0,0.0,0.0,0.02986137382686138,0.09702707082033157,0.00021986830688547343,0.0,0.0,0.0,0.0,0.0,0.0,0.00311887264251709,0.0030862996354699135,0.0,0.0,0.0,0.0,0.0,0.0,0.0,0.001164487679488957,0.0,0.0,0.0,0.0,0.0,0.0,0.0,0.0,0.0,0.0,0.0,0.0,0.0,0.0,0.0,0.0,0.0,0.0,0.0,0.0,0.0,0.0,0.0,0.0,0.0,0.0,0.0009771925397217274,0.001164487679488957,4.0716353396419436e-05,2.4429813493043184e-05,0.0,0.0,0.0,0.0,8.143270861182828e-06,0.0029152908828109503,0.06034163758158684,0.2047869712114334,0.010561821982264519,0.0,0.0,0.0,0.0,0.0,0.0017833763267844915,0.11445367336273193,0.03998345881700516,0.0004885962698608637,0.0,0.0,0.0,0.0,0.0,4.885962698608637e-05,0.0025814168620854616,0.002760568866506219,0.0,0.0,0.0,0.0,0.0,0.0,0.0,2.4429813493043184e-05,0.0,0.0,0.0,0.0,0.0,0.0,0.0,0.0,0.0,0.0,0.0,0.0,0.0,0.0,0.0,0.0,0.0,0.0,0.0,0.0,0.0,0.0,0.0,0.0,0.0,0.0,0.0,0.0,0.0,0.0,0.0,0.0,0.0,0.0,0.0,0.0006921780295670033,0.004218214191496372,0.00012214906746521592,0.0,0.0,0.0,0.0,0.0,0.0,0.0021905398461967707,0.0025895601138472557,0.0,8.143270861182828e-06,0.0,0.0,0.0,0.0,0.0,0.0007003212813287973,0.0,0.00028501448105089366,0.0,0.0,0.0,0.0,0.0,0.0,0.0,0.0,0.0,0.0,0.0,0.0,0.0,0.0,0.0,0.0,0.0,0.0,0.0,0.0,0.0,0.0,0.0,0.0,0.0,0.0,0.0,0.0,0.0,0.0,0.0,0.0,0.0,0.0,0.0,0.0,0.0,0.0,0.0,0.0,0.0,0.0,0.0,0.0,0.0,0.0,0.0,0.0,0.0,0.0,0.0,0.0,3.257308344473131e-05,0.0,0.0,0.0,0.0,0.0,0.0,0.0,0.0,0.0,0.0,0.0,0.0,0.0,0.0,0.0,0.0,0.0,0.0,0.0,0.0,0.0,0.0,0.0,0.0,0.0,0.0,0.0,0.0,0.0,0.0,0.0,0.0,0.0,0.0,0.0,0.0,0.0,0.0,0.0,0.0,0.0,0.0,0.0,0.0,0.0,0.0,0.0,0.0,0.0,0.0,0.0,0.0,0.0,0.0,0.0,0.0,0.0,0.0,0.0,0.0,0.0,0.0,0.0,0.0,0.0,0.0,0.0,0.0,0.0,0.0,0.0,0.0,0.0,0.0,0.0,0.0,0.0,0.0,0.0,0.0,0.0,0.0,0.0,0.0,0.0,0.0,0.0,0.0,0.0,0.0,0.0,0.0,0.0,0.0,0.0,0.0,0.0,0.0,0.0,0.0,0.0,0.0,0.0,0.0,0.0,0.0,0.0,0.0,0.0,0.0,0.0,0.0,0.0,0.0,0.0,0.0,0.0,0.0,0.0,0.0,0.0,0.0,0.0,0.0,0.0,0.0,0.0,0.0,0.0,0.0,0.0,0.0,0.0,0.0,0.0,0.0,0.0,0.0,0.0,0.0,0.0,0.0,0.0,0.0,0.0,0.0,0.0,0.0,0.0,0.0,0.0,0.0,0.0,0.0,0.0,0.0,0.0,0.0,0.0,0.0,0.0,0.0,0.0,0.0,0.0,0.0,0.0,0.0,0.0,0.0,0.0,0.0,0.0,0.0,0.0,0.0,0.0,0.0,0.0,0.0,0.0,0.0,0.0,0.0,0.0,0.0,0.0,0.0,0.0,0.0,0.0,0.0,0.0,0.0,0.0,0.0,0.0,0.0,0.0,0.0,0.0,0.0,0.0,0.0,0.0,0.0,0.0,0.0,0.0,0.0,0.0,0.0,0.0,0.0,0.0,0.0,0.0,0.0,0.0,0.0,0.0,0.0,0.0,0.0,0.0,0.0,0.0,0.0,0.0,0.0,0.0,0.0,0.0,0.0,0.0,0.0,0.0,0.0,0.0,0.0,0.0,0.0,0.0,0.0,0.0,0.0,0.0,0.0,0.0,0.0,0.0,0.0,0.0,0.0,0.0,0.0,0.0,0.0,0.0,0.0,0.0,0.0,0.0,0.0,0.0,0.0,0.0,0.0,0.0,0.0,0.0,0.0,0.0,0.0,0.0,0.0,0.0,0.0,0.0,0.0,0.0,0.0,0.0,0.0,0.0,0.0,0.0,0.0,0.0,0.0,0.0
./Messidor_Classified\Grade_4_Proliferative\c18.jpg,0.6353501081466675,0.0040991539135575294,0.016725676134228706,8.46155671752058e-05,0.0,0.0,0.0,0.0,0.0,0.0003572657296899706,0.4682907462120056,0.25094157457351685,0.0006863262387923896,0.0006393176154233515,0.0,0.0,0.0,0.0,0.0,0.0014854732435196638,7.521383668063208e-05,3.760691834031604e-05,0.0,0.0,0.0,0.0,0.0,0.0,0.0,0.0,0.0,0.0,0.0,0.0,0.0,0.0,0.0,0.0,0.0,0.0,0.0,0.0,0.0,0.0,0.0,0.0,0.0,0.0,0.0,0.0,0.0,0.0,0.0,0.0,0.0,0.0,0.0,0.0,0.0,0.0,0.0,0.0,0.0,0.0,0.0,0.0004136761126574129,0.00039487265166826546,9.40172958507901e-06,0.0,0.0,0.0,0.0,0.0,0.004258983302861452,0.41404277086257935,0.320081889629364,0.004653856158256531,0.0015700887888669968,9.40172958507901e-06,0.0,0.0,0.0,0.013303447514772415,0.17867986857891083,0.08538650721311569,0.01146070845425129,0.001494875061325729,0.0,0.0,0.0,0.0,0.0,0.0003384622687008232,0.0020965856965631247,0.0006769245374016464,0.0,0.0,0.0,0.0,0.0,0.0,0.0,0.0,0.0,0.0,0.0,0.0,0.0,0.0,0.0,0.0,0.0,0.0,0.0,0.0,0.0,0.0,0.0,0.0,0.0,0.0,0.0,0.0,0.0,0.0,0.0,0.0,0.0,0.0,0.0,0.0,0.0,0.0,0.0,0.0,0.0,0.0,0.0,0.003967530094087124,5.641037569148466e-05,0.0,0.0,0.0,0.0,0.0,0.0,0.0038641109131276608,0.0048888991586863995,0.00960856769233942,0.0008649591472931206,0.0004512830055318773,0.0,0.0,0.0,0.0,0.0,0.003516246797516942,0.007737623527646065,0.008800018578767776,0.0,0.0,0.0,0.0,0.0,0.0,2.820518784574233e-05,0.0023504323326051235,1.880345917015802e-05,0.0,0.0,0.0,0.0,0.0,0.0,0.0,0.0,0.0,0.0,0.0,0.0,0.0,0.0,0.0,0.0,0.0,0.0,0.0,0.0,0.0,0.0,0.0,0.0,0.0,0.0,0.0,0.0,0.0,0.0,0.0,0.0,0.0,0.0,0.0,0.0,0.0,0.0,0.0,0.0,0.0,0.0,0.0,0.0,0.0,0.0,0.0,0.0,0.0,0.0,0.0,0.0,0.0,0.0001692311343504116,6.581210618605837e-05,0.0,0.0,0.0,0.0,0.0,0.0,2.820518784574233e-05,0.0002726501552388072,0.0002726501552388072,0.0,0.0,0.0,0.0,0.0,0.0,0.0,0.0,0.0,0.0,0.0,0.0,0.0,0.0,0.0,0.0,0.0,0.0,0.0,0.0,0.0,0.0,0.0,0.0,0.0,0.0,0.0,0.0,0.0,0.0,0.0,0.0,0.0,0.0,0.0,0.0,0.0,0.0,0.0,0.0,0.0,0.0,0.0,0.0,0.0,0.0,0.0,0.0,0.0,0.0,0.0,0.0,0.0,0.0,0.0,0.0,0.0,0.0,0.0,0.0,0.0,0.0,0.0,0.0,0.0,0.0,0.0,0.0,0.0,0.0,0.0,0.0,0.0,0.0,0.0,0.0,0.0,0.0,0.0,0.0,0.0,0.0,0.0,0.0,0.0,0.0,0.0,0.0,0.0,0.0,0.0,0.0,0.0,0.0,0.0,0.0,0.0,0.0,0.0,0.0,0.0,0.0,0.0,0.0,0.0,0.0,0.0,0.0,0.0,0.0,0.0,0.0,0.0,0.0,0.0,0.0,0.0,0.0,0.0,0.0,0.0,0.0,0.0,0.0,0.0,0.0,0.0,0.0,0.0,0.0,0.0,0.0,0.0,0.0,0.0,0.0,0.0,0.0,0.0,0.0,0.0,0.0,0.0,0.0,0.0,0.0,0.0,0.0,0.0,0.0,0.0,0.0,0.0,0.0,0.0,0.0,0.0,0.0,0.0,0.0,0.0,0.0,0.0,0.0,0.0,0.0,0.0,0.0,0.0,0.0,0.0,0.0,0.0,0.0,0.0,0.0,0.0,0.0,0.0,0.0,0.0,0.0,0.0,0.0,0.0,0.0,0.0,0.0,0.0,0.0,0.0,0.0,0.0,0.0,0.0,0.0,0.0,0.0,0.0,0.0,0.0,0.0,0.0,0.0,0.0,0.0,0.0,0.0,0.0,0.0,0.0,0.0,0.0,0.0,0.0,0.0,0.0,0.0,0.0,0.0,0.0,0.0,0.0,0.0,0.0,0.0,0.0,0.0,0.0,0.0,0.0,0.0,0.0,0.0,0.0,0.0,0.0,0.0,0.0,0.0,0.0,0.0,0.0,0.0,0.0,0.0,0.0,0.0,0.0,0.0,0.0,0.0,0.0,0.0,0.0,0.0,0.0,0.0,0.0,0.0,0.0,0.0,0.0,0.0,0.0,0.0,0.0,0.0,0.0,0.0,0.0,0.0,0.0,0.0,0.0,0.0,0.0,0.0,0.0,0.0
./Messidor_Classified\Grade_4_Proliferative\c19.jpg,0.6237652897834778,0.0023288563825190067,0.01212294027209282,0.0009389065089635551,0.0,0.0,0.0,0.0,2.7614896680461243e-05,0.00036819864180870354,0.3449653089046478,0.5190128087997437,0.00027614898863248527,5.5229793360922486e-05,0.0,0.0,0.0,0.0,0.0,0.006176532246172428,0.0007363972836174071,0.0001748943468555808,0.0,0.0,0.0,0.0,0.0,0.0,0.0,9.204965863318648e-06,0.0,0.0,0.0,0.0,0.0,0.0,0.0,0.0,0.0,0.0,0.0,0.0,0.0,0.0,0.0,0.0,0.0,0.0,0.0,0.0,0.0,0.0,0.0,0.0,0.0,0.0,0.0,0.0,0.0,0.0,0.0,0.0,0.0,0.0,6.443476013373584e-05,0.0002301241474924609,0.00010125462722498924,0.0,0.0,0.0,0.0,0.0,9.204965863318648e-06,0.004795787390321493,0.392398476600647,0.22570575773715973,0.0010309561621397734,3.681986345327459e-05,0.0,0.0,0.0,0.0,0.04023490473628044,0.11379178613424301,0.038927800953388214,0.005881973076611757,0.0005891178152523935,0.0,0.0,0.0,0.0,0.0,0.0003774036013055593,0.00249454565346241,0.0021999869495630264,0.0,0.0,0.0,0.0,0.0,0.0,0.0,0.0,0.0,0.0,0.0,0.0,0.0,0.0,0.0,0.0,0.0,0.0,0.0,0.0,0.0,0.0,0.0,0.0,0.0,0.0,0.0,0.0,0.0,0.0,0.0,0.0,0.0,0.0,0.0,0.0,0.0,0.0,0.0,0.0,0.0,0.0,0.0004878632025793195,0.0028627444989979267,9.204965863318648e-06,0.0,0.0,0.0,0.0,0.0,9.204965863318648e-06,0.03299980238080025,0.0015648441622033715,0.002025092486292124,0.0007363972836174071,9.204966045217589e-05,0.0,0.0,0.0,0.0,0.0004970681620761752,0.0033137877471745014,0.009223375469446182,0.0051916008815169334,0.00011966455349465832,0.0,0.0,0.0,0.0,0.0,0.000285353948129341,0.006029252428561449,0.0003589936823118478,0.0,0.0,0.0,0.0,0.0,0.0,0.0,0.0,0.0,0.0,0.0,0.0,0.0,0.0,0.0,0.0,0.0,0.0,0.0,0.0,0.0,0.0,0.0,0.0,0.0,0.0,0.0,0.0,0.0,0.0,0.0,0.0,0.0,0.0,0.0,0.0,0.0,0.0,0.0,0.0,0.0,0.0,2.7614896680461243e-05,0.0,0.0,0.0,0.0,0.0,0.0,0.0,0.0,0.0,0.0014359747292473912,0.0012058505089953542,0.0,0.0,0.0,0.0,0.0,0.0,0.0009481114684604108,0.002586595481261611,0.00020250925444997847,0.0009849313646554947,0.0,0.0,0.0,0.0,0.0,0.0,0.0,0.0,0.0,0.0,0.0,0.0,0.0,0.0,0.0,0.0,0.0,0.0,0.0,0.0,0.0,0.0,0.0,0.0,0.0,0.0,0.0,0.0,0.0,0.0,0.0,0.0,0.0,0.0,0.0,0.0,0.0,0.0,0.0,0.0,0.0,0.0,0.0,0.0,0.0,0.0,0.0,0.0,0.0,0.0,0.0,0.0,0.0,0.0,0.0,0.0,0.0,0.0,0.0,0.0,0.0,0.0,0.0,0.0,0.0,0.0,0.0,0.0,0.0,0.0,0.0,0.0,0.0,0.0,0.0,0.0,0.0,0.0,0.0,0.0,0.0,0.0,0.0,0.0,0.0,0.0,0.0,0.0,0.0,0.0,0.0,0.0,0.0,0.0,0.0,0.0,0.0,0.0,0.0,0.0,0.0,0.0,0.0,0.0,0.0,0.0,0.0,0.0,0.0,0.0,0.0,0.0,0.0,0.0,0.0,0.0,0.0,0.0,0.0,0.0,0.0,0.0,0.0,0.0,0.0,0.0,0.0,0.0,0.0,0.0,0.0,0.0,0.0,0.0,0.0,0.0,0.0,0.0,0.0,0.0,0.0,0.0,0.0,0.0,0.0,0.0,0.0,0.0,0.0,0.0,0.0,0.0,0.0,0.0,0.0,0.0,0.0,0.0,0.0,0.0,0.0,0.0,0.0,0.0,0.0,0.0,0.0,0.0,0.0,0.0,0.0,0.0,0.0,0.0,0.0,0.0,0.0,0.0,0.0,0.0,0.0,0.0,0.0,0.0,0.0,0.0,0.0,0.0,0.0,0.0,0.0,0.0,0.0,0.0,0.0,0.0,0.0,0.0,0.0,0.0,0.0,0.0,0.0,0.0,0.0,0.0,0.0,0.0,0.0,0.0,0.0,0.0,0.0,0.0,0.0,0.0,0.0,0.0,0.0,0.0,0.0,0.0,0.0,0.0,0.0,0.0,0.0,0.0,0.0,0.0,0.0,0.0,0.0,0.0,0.0,0.0,0.0,0.0,0.0,0.0,0.0,0.0,0.0,0.0,0.0,0.0,0.0,0.0,0.0,0.0,0.0,0.0,0.0,0.0,0.0,0.0,0.0,0.0,0.0,0.0,0.0,0.0,0.0,0.0,0.0,0.0,0.0,0.0,0.0,0.0,0.0,0.0,0.0,0.0,0.0,0.0,0.0,0.0,0.0,0.0
./Messidor_Classified\Grade_4_Proliferative\c2.jpg,0.6792923212051392,0.0073540108278393745,0.00212361803278327,5.8989389799535275e-05,0.008337167091667652,0.004709319677203894,0.004276730585843325,1.9663129933178425e-05,0.0,0.00011797877959907055,0.0017401869408786297,0.0007766936323605478,0.09227906912565231,0.39225977659225464,0.057898085564374924,0.005151740275323391,0.0,0.0,0.0,0.0,0.03247365728020668,0.46963420510292053,0.3477424383163452,0.10589578747749329,0.0,0.0,0.0,0.0,0.0,0.0028904802165925503,0.0035491948947310448,0.006695295684039593,0.0,0.0,0.0,0.0,0.0,0.0,0.00021629442926496267,9.831564966589212e-06,0.0,0.0,0.0,0.0,0.0,0.0,0.0,0.0,0.0,0.0,0.0,0.0,0.0,0.0,0.0,0.0,0.0,0.0,0.0,0.0,0.0,0.0,0.0,0.0,0.0,0.0,0.0,0.0,0.0,0.0,0.0,0.0,0.0,0.0,0.0013665875885635614,0.00434555159881711,0.005102582275867462,0.006007086019963026,0.0008553461520932615,0.00044242042349651456,0.0,0.0,9.831564966589212e-06,0.0014157453551888466,0.058556802570819855,0.10262187570333481,0.05197948217391968,0.021128032356500626,0.0,0.0,0.0,0.0,0.0,0.0049944352358579636,0.02092156931757927,0.024942681193351746,0.0,0.0,0.0,0.0,0.0,0.0,0.0017303554341197014,0.0020941232796758413,0.0,0.0,0.0,0.0,0.0,0.0,0.0,9.831564966589212e-06,0.0,0.0,0.0,0.0,0.0,0.0,0.0,0.0,0.0,0.0,0.0,0.0,0.0,0.0,0.0,0.0,0.0,0.0,0.0,0.0,0.0,0.0,0.0,0.0,0.0,0.0,0.0,0.0,0.0,0.0,0.0,0.0,0.0,0.0,9.831564966589212e-06,0.0006587148527614772,0.0020646285265684128,0.0002556206891313195,0.0,8.848408469930291e-05,0.0,0.0,0.0,0.0,0.0,2.9494694899767637e-05,0.0004719151183962822,0.0058104549534618855,0.0,0.0,0.0,0.0,0.0,0.0,7.86525197327137e-05,0.018994582816958427,0.0,0.0,0.0,0.0,0.0,0.0,0.0,0.001199450925923884,0.0,0.0,0.0,0.0,0.0,0.0,0.0,0.0,0.0,0.0,0.0,0.0,0.0,0.0,0.0,0.0,0.0,0.0,0.0,0.0,0.0,0.0,0.0,0.0,0.0,0.0,0.0,0.0,0.0,0.0,0.0,0.0,0.0,0.0,0.0,0.0,0.0,0.0,0.0,0.0,0.0,0.0,0.0,0.0,0.0,0.0,0.0,2.9494694899767637e-05,0.0,0.0,0.0,0.0,0.0,0.0,0.0,0.0019073236035183072,0.0,0.0,0.0,0.0,0.0,0.0,0.0,0.011001520790159702,0.0,0.0,0.0,0.0,0.0,0.0,0.0,0.0,0.0,0.0,0.0,0.0,0.0,0.0,0.0,0.0,0.0,0.0,0.0,0.0,0.0,0.0,0.0,0.0,0.0,0.0,0.0,0.0,0.0,0.0,0.0,0.0,0.0,0.0,0.0,0.0,0.0,0.0,0.0,0.0,0.0,0.0,0.0,0.0,0.0,0.0,0.0,0.0,0.0,0.0,0.0,0.0,0.0,0.0,0.0,0.0,0.0,0.0,0.0,0.0,0.0,0.0,0.0,0.0006193885928951204,0.0,0.0,0.0,0.0,0.0,0.0,0.0,3.932625986635685e-05,0.0,0.0,0.0,0.0,0.0,0.0,0.0,0.0,0.0,0.0,0.0,0.0,0.0,0.0,0.0,0.0,0.0,0.0,0.0,0.0,0.0,0.0,0.0,0.0,0.0,0.0,0.0,0.0,0.0,0.0,0.0,0.0,0.0,0.0,0.0,0.0,0.0,0.0,0.0,0.0,0.0,0.0,0.0,0.0,0.0,0.0,0.0,0.0,0.0,0.0,0.0,0.0,0.0,0.0,0.0,0.0,0.0,0.0,0.0,0.0,0.0,0.0,0.0,0.0,0.0,0.0,0.0,0.0,0.0,0.0,0.0,0.0,0.0,0.0,0.0,0.0,0.0,0.0,0.0,0.0,0.0,0.0,0.0,0.0,0.0,0.0,0.0,0.0,0.0,0.0,0.0,0.0,0.0,0.0,0.0,0.0,0.0,0.0,0.0,0.0,0.0,0.0,0.0,0.0,0.0,0.0,0.0,0.0,0.0,0.0,0.0,0.0,0.0,0.0,0.0,0.0,0.0,0.0,0.0,0.0,0.0,0.0,0.0,0.0,0.0,0.0,0.0,0.0,0.0,0.0,0.0,0.0,0.0,0.0,0.0,0.0,0.0,0.0,0.0,0.0,0.0,0.0,0.0,0.0,0.0,0.0,0.0,0.0,0.0,0.0,0.0,0.0,0.0,0.0,0.0,0.0,0.0,0.0,0.0,0.0,0.0,0.0,0.0,0.0,0.0,0.0,0.0,0.0,0.0,0.0,0.0,0.0,0.0,0.0,0.0,0.0,0.0,0.0,0.0,0.0,0.0,0.0,0.0,0.0,0.0,0.0,0.0,0.0,0.0,0.0,0.0,0.0,0.0,0.0,0.0,0.0,0.0,0.0,0.0,0.0
./Messidor_Classified\Grade_4_Proliferative\c20.jpg,0.6503239274024963,0.0014717846643179655,0.0,0.0,0.0,0.0,0.0,0.0,0.0,0.0025430202949792147,0.00031671315082348883,0.0,0.0017232921672984958,0.001136441365815699,0.0,0.0,0.0,0.0,2.7945279725827277e-05,0.0,0.05672891438007355,0.07876842468976974,0.000996714923530817,0.0008849338046275079,0.0,0.0,0.0,0.0,0.0013320583384484053,0.12326662242412567,0.01691620796918869,0.00023287732619792223,0.0,0.0,0.0,0.0,0.0,0.0,9.315092938777525e-06,0.0,0.0,0.0,0.0,0.0,0.0,0.0,0.0,0.0,0.0,0.0,0.0,0.0,0.0,0.0,0.0,0.0,0.0,0.0,0.0,0.0,0.0,0.0,0.0,0.0,0.0,0.0,0.0,0.0,0.0,0.0,0.0,0.0,0.0,0.001099181012250483,0.0008942489512264729,0.0,0.00031671315082348883,3.72603717551101e-05,0.0,0.0,0.0,0.0,0.002198362024500966,0.00034465844510123134,0.09510710090398788,0.07659801095724106,0.003111241152510047,0.0007824678323231637,0.0,0.0,0.0,1.863018587755505e-05,0.23548555374145508,0.6600581407546997,0.1928410530090332,0.012370442971587181,0.0,0.0,0.0,0.0,9.315092938777525e-06,0.002999459858983755,0.035378724336624146,0.01589154824614525,0.0,0.0,0.0,0.0,0.0,0.0,0.0,0.0014065790455788374,0.0,0.0,0.0,0.0,0.0,0.0,0.0,0.0,0.0,0.0,0.0,0.0,0.0,0.0,0.0,0.0,0.0,0.0,0.0,0.0,0.0,0.0,0.0,0.0,0.0,0.0,0.0,0.0,0.0,0.0,0.0,0.0,0.0,0.0,0.000978084746748209,0.0023567185271531343,0.00011178111890330911,0.0,0.0,0.0,0.0,0.0,0.0,0.00450850510969758,0.06024070456624031,0.054893843829631805,0.00010246602323604748,0.00025150750298053026,0.0,0.0,0.0,0.0,0.0012109620729461312,0.02150855027139187,0.0010432903654873371,0.005793987773358822,0.0,0.0,0.0,0.0,0.0,0.0,0.0002887678856495768,0.008132075890898705,0.0,0.0,0.0,0.0,0.0,0.0,0.0,0.0012668526032939553,0.0,0.0,0.0,0.0,0.0,0.0,0.0,0.0,0.0,0.0,0.0,0.0,0.0,0.0,0.0,0.0,0.0,0.0,0.0,0.0,0.0,0.0,0.0,0.0,0.0,0.0,0.0,0.0,0.0,0.0,0.0,0.0,0.0,0.0,0.0,0.00024219241458922625,0.002012060023844242,6.520564784295857e-05,0.0,0.0,0.0,0.0,0.0,0.0,0.0008476734510622919,0.0013693186920136213,1.863018587755505e-05,0.0,0.0,0.0,0.0,0.0,0.0,5.5890559451654553e-05,0.00031671315082348883,9.315092938777525e-06,0.0,0.0,0.0,0.0,0.0,0.0,4.657546378439292e-05,0.0004098640929441899,0.0,0.0,0.0,0.0,0.0,0.0,0.0,0.0,0.0,0.0,0.0,0.0,0.0,0.0,0.0,0.0,0.0,0.0,0.0,0.0,0.0,0.0,0.0,0.0,0.0,0.0,0.0,0.0,0.0,0.0,0.0,0.0,0.0,0.0,0.0,0.0,0.0,0.0,0.0,0.0,0.0,0.0,0.0,0.0,0.0,0.0,0.0,0.0,0.0,0.0,0.0,0.0,0.0,2.7945279725827277e-05,3.72603717551101e-05,0.0,0.0,0.0,0.0,0.0,0.0,0.0,5.5890559451654553e-05,2.7945279725827277e-05,0.0,0.0,0.0,0.0,0.0,0.0,0.0,0.0,0.0,0.0,0.0,0.0,0.0,0.0,0.0,0.0,0.0,0.0,0.0,0.0,0.0,0.0,0.0,0.0,0.0,0.0,0.0,0.0,0.0,0.0,0.0,0.0,0.0,0.0,0.0,0.0,0.0,0.0,0.0,0.0,0.0,0.0,0.0,0.0,0.0,0.0,0.0,0.0,0.0,0.0,0.0,0.0,0.0,0.0,0.0,0.0,0.0,0.0,0.0,0.0,0.0,0.0,9.315092938777525e-06,2.7945279725827277e-05,0.0,0.0,0.0,0.0,0.0,0.0,0.0,0.0,0.0,0.0,0.0,0.0,0.0,0.0,0.0,0.0,0.0,0.0,0.0,0.0,0.0,0.0,0.0,0.0,0.0,0.0,0.0,0.0,0.0,0.0,0.0,0.0,0.0,0.0,0.0,0.0,0.0,0.0,0.0,0.0,0.0,0.0,0.0,0.0,0.0,0.0,0.0,0.0,0.0,0.0,0.0,0.0,0.0,0.0,0.0,0.0,0.0,0.0,0.0,0.0,0.0,0.0,0.0,0.0,0.0,0.0,0.0,0.0,0.0,0.0,0.0,0.0,0.0,0.0,0.0,0.0,0.0,0.0,0.0,0.0,0.0,0.0,0.0,0.0,0.0,0.0,0.0,0.0,0.0,0.0,0.0,0.0,0.0,0.0,0.0,0.0,0.0,0.0,0.0,0.0,0.0,0.0,0.0,0.0,0.0,0.0,0.0,0.0,0.0,0.0,0.0,0.0,0.0,0.0,0.0,0.0,0.0,0.0,0.0,0.0,0.0,0.0,0.0,0.0,0.0,0.0,0.0,0.0,0.0,0.0,0.0,0.0,0.0,0.0,0.0,0.0
./Messidor_Classified\Grade_4_Proliferative\c21.jpg,0.6115565299987793,0.0014062385307624936,0.0,0.0,0.0,0.0,0.0,0.0,4.367200381238945e-05,0.0020001777447760105,0.0007598928641527891,0.0,0.0014237073482945561,0.00359857315197587,0.0,0.0,0.0,0.0,1.74688011611579e-05,0.0,0.020569512620568275,0.09155398607254028,0.0006900176522321999,0.0003057040157727897,0.0,0.0,0.0,0.0,0.00018342240946367383,0.16646893322467804,0.0264914371073246,0.0001397504092892632,0.0,0.0,0.0,0.0,0.0,0.0,0.00018342240946367383,5.240640166448429e-05,0.0,0.0,0.0,0.0,0.0,0.0,0.0,0.0,0.0,0.0,0.0,0.0,0.0,0.0,0.0,0.0,0.0,0.0,0.0,0.0,0.0,0.0,0.0,0.0,0.0,0.0,0.0,0.0,0.0,0.0,0.0,0.0,0.0,0.0010918000480160117,0.000567736045923084,0.0,7.860960613470525e-05,0.0003406416217330843,0.0,0.0,0.0,3.49376023223158e-05,0.0011180032743141055,0.0007336896378546953,0.028858458623290062,0.07150853425264359,0.0015547232469543815,0.0002795008185785264,0.0,0.0,0.0,8.73440058057895e-06,0.11226324737071991,0.7310693264007568,0.15958623588085175,0.00850730575621128,0.0,0.0,0.0,0.0,2.6203200832242146e-05,0.002454366534948349,0.023408193141222,0.016027625650167465,0.0,0.0,0.0,0.0,0.0,0.0,0.0,0.00466417009010911,0.0,0.0,0.0,0.0,0.0,0.0,0.0,0.0,0.0,0.0,0.0,0.0,0.0,0.0,0.0,0.0,0.0,0.0,0.0,0.0,0.0,0.0,0.0,0.0,0.0,0.0,0.0,0.0,0.0,0.0,0.0,0.0,0.0,0.0,0.0013363632606342435,0.0009520496823824942,3.49376023223158e-05,0.0,0.0,0.0,0.0,0.0,8.73440058057895e-06,0.0019914433360099792,0.07794579118490219,0.04803046956658363,0.0001572192122694105,1.74688011611579e-05,0.0,0.0,0.0,0.0,0.015084309503436089,0.024805698543787003,0.0011878784280270338,0.004271121695637703,0.0,0.0,0.0,0.0,0.0,0.0001397504092892632,0.00025329762138426304,0.006961317267268896,0.0,0.0,0.0,0.0,0.0,0.0,0.0,0.00033190721296705306,0.0,0.0,0.0,0.0,0.0,0.0,0.0,0.0,0.0,0.0,0.0,0.0,0.0,0.0,0.0,0.0,0.0,0.0,0.0,0.0,0.0,0.0,0.0,0.0,0.0,0.0,0.0,0.0,0.0,0.0,0.0,0.0,0.0,0.0,8.73440058057895e-06,0.002043849788606167,0.0018778961384668946,3.49376023223158e-05,0.0,0.0,0.0,0.0,0.0,8.73440058057895e-06,0.0072495522908866405,0.002480569761246443,8.73440058057895e-06,0.0,0.0,0.0,0.0,0.0,0.0,0.0005153296515345573,0.00013101601507514715,8.73440058057895e-06,0.0,0.0,0.0,0.0,0.0,0.0,0.0,0.0,0.0,0.0,0.0,0.0,0.0,0.0,0.0,0.0,0.0,0.0,0.0,0.0,0.0,0.0,0.0,0.0,0.0,0.0,0.0,0.0,0.0,0.0,0.0,0.0,0.0,0.0,0.0,0.0,0.0,0.0,0.0,0.0,0.0,0.0,0.0,0.0,0.0,0.0,0.0,0.0,0.0,0.0,0.0,0.0,0.00014848480350337923,8.73440058057895e-06,0.0,0.0,0.0,0.0,0.0,0.0,0.0,8.73440058057895e-06,0.0,0.0,0.0,0.0,0.0,0.0,0.0,0.0,0.0,0.0,0.0,0.0,0.0,0.0,0.0,0.0,0.0,0.0,0.0,0.0,0.0,0.0,0.0,0.0,0.0,0.0,0.0,0.0,0.0,0.0,0.0,0.0,0.0,0.0,0.0,0.0,0.0,0.0,0.0,0.0,0.0,0.0,0.0,0.0,0.0,0.0,0.0,0.0,0.0,0.0,0.0,0.0,0.0,0.0,0.0,0.0,0.0,0.0,0.0,0.0,0.0,0.0,0.0,0.0,0.0,0.0,0.0,0.0,0.0,0.0,0.0,0.0,0.0,0.0,0.0,0.0,0.0,0.0,0.0,0.0,0.0,0.0,0.0,0.0,0.0,0.0,0.0,0.0,0.0,0.0,0.0,0.0,0.0,0.0,0.0,0.0,0.0,0.0,0.0,0.0,0.0,0.0,0.0,0.0,0.0,0.0,0.0,0.0,0.0,0.0,0.0,0.0,0.0,0.0,0.0,0.0,0.0,0.0,0.0,0.0,0.0,0.0,0.0,0.0,0.0,0.0,0.0,0.0,0.0,0.0,0.0,0.0,0.0,0.0,0.0,0.0,0.0,0.0,0.0,0.0,0.0,0.0,0.0,0.0,0.0,0.0,0.0,0.0,0.0,0.0,0.0,0.0,0.0,0.0,0.0,0.0,0.0,0.0,0.0,0.0,0.0,0.0,0.0,0.0,0.0,0.0,0.0,0.0,0.0,0.0,0.0,0.0,0.0,0.0,0.0,0.0,0.0,0.0,0.0,0.0,0.0,0.0,0.0,0.0,0.0,0.0,0.0,0.0,0.0,0.0,0.0,0.0,0.0,0.0,0.0,0.0,0.0,0.0,0.0,0.0,0.0,0.0,0.0,0.0,0.0,0.0,0.0,0.0,0.0,0.0
./Messidor_Classified\Grade_4_Proliferative\c3.jpg,0.4940243363380432,0.00404883548617363,0.009012162685394287,0.0005752444267272949,0.0,0.0,0.0,0.0,1.474985674576601e-05,0.0038275879342108965,0.43721523880958557,0.7350296378135681,0.1471814513206482,0.0007669925689697266,0.00019174814224243164,0.0,0.0,0.0,0.0006342438282445073,0.0014233611291274428,0.04840165376663208,0.01282500009983778,0.006711184978485107,5.899942698306404e-05,0.0,0.0,0.0,0.0,0.0,0.0010619896929711103,0.01047239825129509,0.00336296739988029,0.0,0.0,0.0,0.0,0.0,0.0,0.0,0.002787722973152995,0.0,0.0,0.0,0.0,0.0,0.0,0.0,0.0,0.0,0.0,0.0,0.0,0.0,0.0,0.0,0.0,0.0,0.0,0.0,0.0,0.0,0.0,0.0,0.0,0.0,0.0,0.0,0.0,0.0,0.0,0.0,0.0,0.0,0.0009218660416081548,0.006290813907980919,0.0011136141838505864,0.0,0.0,0.0,0.0,0.0,0.0,0.0005973692168481648,0.00015487350174225867,7.374928372883005e-06,0.0,0.0,0.0,0.0,0.0,0.0,0.0,0.0,0.0,0.0,0.00030974700348451734,0.0,0.0,0.0,0.0,0.0,0.0,0.0,0.0033260926138609648,0.0,0.0,0.0,0.0,0.0,0.0,0.0,0.0009439908317290246,0.0,0.0,0.0,0.0,0.0,0.0,0.0,0.0,0.0,0.0,0.0,0.0,0.0,0.0,0.0,0.0,0.0,0.0,0.0,0.0,0.0,0.0,0.0,0.0,0.0,0.0,0.0,0.0,0.0,0.0,0.0,0.0,0.0,0.0,0.0,0.0,0.0,0.0,0.0,0.0,0.0,0.0,0.0,0.0,0.0,0.0,0.0,0.0,0.0,0.0,0.0,0.0,0.0,0.0,0.0,0.0,0.0,0.0,0.0,0.0,0.0,0.0,0.0,0.0,0.0,0.0,0.0,0.0,0.0,0.0,0.0,0.0,0.0,0.0,0.0,0.0,0.0,0.0,0.0,0.0,0.0,0.0,0.0,0.0,0.0,0.0,0.0,0.0,0.0,0.0,0.0,0.0,0.0,0.0,0.0,0.0,0.0,0.0,0.0,0.0,0.0,0.0,0.0,0.0,0.0,0.0,0.0,0.0,0.0,0.0,0.0,0.0,0.0,0.0,0.0,0.0,0.0,0.0,0.0,0.0,0.0,0.0,0.0,0.0,0.0,0.0,0.0,0.0,0.0,0.0,0.0,0.0,0.0,0.0,0.0,0.0,0.0,0.0,0.0,0.0,0.0,0.0,0.0,0.0,0.0,0.0,0.0,0.0,0.0,0.0,0.0,0.0,0.0,0.0,0.0,0.0,0.0,0.0,0.0,0.0,0.0,0.0,0.0,0.0,0.0,0.0,0.0,0.0,0.0,0.0,0.0,0.0,0.0,0.0,0.0,0.0,0.0,0.0,0.0,0.0,0.0,0.0,0.0,0.0,0.0,0.0,0.0,0.0,0.0,0.0,0.0,0.0,0.0,0.0,0.0,0.0,0.0,0.0,0.0,0.0,0.0,0.0,0.0,0.0,0.0,0.0,0.0,0.0,0.0,0.0,0.0,0.0,0.0,0.0,0.0,0.0,0.0,0.0,0.0,0.0,0.0,0.0,0.0,0.0,0.0,0.0,0.0,0.0,0.0,0.0,0.0,0.0,0.0,0.0,0.0,0.0,0.0,0.0,0.0,0.0,0.0,0.0,0.0,0.0,0.0,0.0,0.0,0.0,0.0,0.0,0.0,0.0,0.0,0.0,0.0,0.0,0.0,0.0,0.0,0.0,0.0,0.0,0.0,0.0,0.0,0.0,0.0,0.0,0.0,0.0,0.0,0.0,0.0,0.0,0.0,0.0,0.0,0.0,0.0,0.0,0.0,0.0,0.0,0.0,0.0,0.0,0.0,0.0,0.0,0.0,0.0,0.0,0.0,0.0,0.0,0.0,0.0,0.0,0.0,0.0,0.0,0.0,0.0,0.0,0.0,0.0,0.0,0.0,0.0,0.0,0.0,0.0,0.0,0.0,0.0,0.0,0.0,0.0,0.0,0.0,0.0,0.0,0.0,0.0,0.0,0.0,0.0,0.0,0.0,0.0,0.0,0.0,0.0,0.0,0.0,0.0,0.0,0.0,0.0,0.0,0.0,0.0,0.0,0.0,0.0,0.0,0.0,0.0,0.0,0.0,0.0,0.0,0.0,0.0,0.0,0.0,0.0,0.0,0.0,0.0,0.0,0.0,0.0,0.0,0.0,0.0,0.0,0.0,0.0,0.0,0.0,0.0,0.0,0.0,0.0,0.0,0.0,0.0,0.0,0.0,0.0,0.0,0.0,0.0,0.0,0.0,0.0,0.0,0.0,0.0,0.0,0.0,0.0,0.0,0.0,0.0,0.0,0.0,0.0,0.0
./Messidor_Classified\Grade_4_Proliferative\c4.jpg,0.5591594576835632,0.0034041698090732098,0.00017184510943479836,1.636620072531514e-05,0.0,5.728170071961358e-05,2.4549301087972708e-05,0.0,0.0,0.0015629722038283944,0.0027495217509567738,0.48347392678260803,0.16039694845676422,0.0009083241457119584,0.0027577048167586327,0.0,0.0,0.0,0.00018002820434048772,0.16089612245559692,0.6290022134780884,0.07526815682649612,0.006186423823237419,0.0005810001166537404,0.0,0.0,0.0,9.819720435189083e-05,0.000490986043587327,0.0017430003499612212,0.008412227034568787,0.008264930918812752,0.0,0.0,0.0,0.0,0.0,0.0,0.0,0.0035514654591679573,0.0,0.0,0.0,0.0,0.0,0.0,0.0,0.0,0.0,0.0,0.0,0.0,0.0,0.0,0.0,0.0,0.0,0.0,0.0,0.0,0.0,0.0,0.0,0.0,0.0,0.0,0.0,0.0,0.0,0.0,0.0,0.0,0.0,0.0006710142479278147,0.003338705049827695,0.0012438312405720353,3.273240145063028e-05,0.0,0.0,0.0,0.0,0.0,0.0035269162617623806,0.020097695291042328,0.0036578457802534103,0.00028640852542594075,8.18310036265757e-06,0.0,0.0,0.0,0.0,0.0006464649341069162,0.0016529862768948078,0.0001063803065335378,4.9098602175945416e-05,3.273240145063028e-05,0.0,0.0,0.0,0.0,0.0,2.4549301087972708e-05,0.0,1.636620072531514e-05,0.0,0.0,0.0,0.0,0.0,0.0,0.0,0.0,0.0,0.0,0.0,0.0,0.0,0.0,0.0,0.0,0.0,0.0,0.0,0.0,0.0,0.0,0.0,0.0,0.0,0.0,0.0,0.0,0.0,0.0,0.0,0.0,0.0,0.0,0.0,0.0,0.0,0.0,0.0,0.0,0.0,0.0,8.18310072645545e-05,0.0001882113137980923,6.546480290126055e-05,0.0,0.0,0.0,0.0,0.0,0.0,6.546480290126055e-05,0.0,0.0,0.0,0.0,0.0,0.0,0.0,0.0,0.0,0.0,0.0,0.0,0.0,0.0,0.0,0.0,0.0,0.0,0.0,0.0,0.0,0.0,0.0,0.0,0.0,0.0,0.0,0.0,0.0,0.0,0.0,0.0,0.0,0.0,0.0,0.0,0.0,0.0,0.0,0.0,0.0,0.0,0.0,0.0,0.0,0.0,0.0,0.0,0.0,0.0,0.0,0.0,0.0,0.0,0.0,0.0,0.0,0.0,0.0,0.0,0.0,0.0,0.0,0.0,0.0,0.0,0.0,0.0,0.0,0.0,0.0,0.0,0.0,0.0,0.0,0.0,0.0,0.0,0.0,0.0,0.0,0.0,0.0,0.0,0.0,0.0,0.0,0.0,0.0,0.0,0.0,0.0,0.0,0.0,0.0,0.0,0.0,0.0,0.0,0.0,0.0,0.0,0.0,0.0,0.0,0.0,0.0,0.0,0.0,0.0,0.0,0.0,0.0,0.0,0.0,0.0,0.0,0.0,0.0,0.0,0.0,0.0,0.0,0.0,0.0,0.0,0.0,0.0,0.0,0.0,0.0,0.0,0.0,0.0,0.0,0.0,0.0,0.0,0.0,0.0,0.0,0.0,0.0,0.0,0.0,0.0,0.0,0.0,0.0,0.0,0.0,0.0,0.0,0.0,0.0,0.0,0.0,0.0,0.0,0.0,0.0,0.0,0.0,0.0,0.0,0.0,0.0,0.0,0.0,0.0,0.0,0.0,0.0,0.0,0.0,0.0,0.0,0.0,0.0,0.0,0.0,0.0,0.0,0.0,0.0,0.0,0.0,0.0,0.0,0.0,0.0,0.0,0.0,0.0,0.0,0.0,0.0,0.0,0.0,0.0,0.0,0.0,0.0,0.0,0.0,0.0,0.0,0.0,0.0,0.0,0.0,0.0,0.0,0.0,0.0,0.0,0.0,0.0,0.0,0.0,0.0,0.0,0.0,0.0,0.0,0.0,0.0,0.0,0.0,0.0,0.0,0.0,0.0,0.0,0.0,0.0,0.0,0.0,0.0,0.0,0.0,0.0,0.0,0.0,0.0,0.0,0.0,0.0,0.0,0.0,0.0,0.0,0.0,0.0,0.0,0.0,0.0,0.0,0.0,0.0,0.0,0.0,0.0,0.0,0.0,0.0,0.0,0.0,0.0,0.0,0.0,0.0,0.0,0.0,0.0,0.0,0.0,0.0,0.0,0.0,0.0,0.0,0.0,0.0,0.0,0.0,0.0,0.0,0.0,0.0,0.0,0.0,0.0,0.0,0.0,0.0,0.0,0.0,0.0,0.0,0.0,0.0,0.0,0.0,0.0,0.0,0.0,0.0,0.0,0.0,0.0,0.0,0.0,0.0,0.0,0.0,0.0,0.0,0.0,0.0,0.0,0.0,0.0,0.0,0.0,0.0,0.0,0.0,0.0,0.0,0.0,0.0,0.0,0.0,0.0,0.0,0.0,0.0,0.0,0.0,0.0,0.0,0.0,0.0,0.0,0.0,0.0,0.0,0.0,0.0,0.0,0.0,0.0,0.0,0.0,0.0
./Messidor_Classified\Grade_4_Proliferative\c5.jpg,0.5801922082901001,0.003213513409718871,0.003281524172052741,0.005066809244453907,0.0,0.0,0.0,0.0,0.0,0.0014027240686118603,0.03618178144097328,0.5487796664237976,0.1928108036518097,0.0020488272421061993,0.0012752036564052105,0.0,0.0,0.0,7.65122240409255e-05,0.22517547011375427,0.5206231474876404,0.021423421800136566,0.006018961314111948,0.00019553123274818063,0.0,0.0,0.0,0.0,4.2506791942287236e-05,0.0028479548636823893,0.010711710900068283,0.005525882821530104,0.0,0.0,0.0,0.0,0.0,0.0,0.0,0.005126318894326687,0.0,0.0,0.0,0.0,0.0,0.0,0.0,0.0005015801289118826,0.0,0.0,0.0,0.0,0.0,0.0,0.0,0.0,0.0,0.0,0.0,0.0,0.0,0.0,0.0,0.0,0.0,0.0,0.0,0.0,0.0,0.0,0.0,0.0,0.0,0.0002975475217681378,0.006410024128854275,0.004616237245500088,0.0003570570261217654,0.0,0.0,0.0,0.0,0.0,0.0016492634313181043,0.033631373196840286,0.007336671929806471,0.00034855568083003163,0.00018702987290453166,8.501358024659567e-06,0.0,0.0,0.0,0.0,5.10081481479574e-05,0.00032305161585099995,0.00017002716776914895,0.0001785285130608827,0.0,0.0,0.0,0.0,0.0,0.0,0.0,0.00028904617647640407,0.0,0.0,0.0,0.0,0.0,0.0,0.0,5.950950435362756e-05,0.0,0.0,0.0,0.0,0.0,0.0,0.0,0.0,0.0,0.0,0.0,0.0,0.0,0.0,0.0,0.0,0.0,0.0,0.0,0.0,0.0,0.0,0.0,0.0,0.0,0.0,8.501358024659567e-06,0.0,0.0,0.0,0.0,0.0,0.0,0.0,8.501358024659567e-06,0.0001275203685509041,0.0,0.0,0.0,0.0,0.0,0.0,0.0,0.0,0.0,0.0,0.0,0.0,0.0,0.0,0.0,0.0,0.0,0.0,0.0,0.0,0.0,0.0,0.0,0.0,0.0,0.0,0.0,0.0,0.0,0.0,0.0,0.0,0.0,0.0,0.0,0.0,0.0,0.0,0.0,0.0,0.0,0.0,0.0,0.0,0.0,0.0,0.0,0.0,0.0,0.0,0.0,0.0,0.0,0.0,0.0,0.0,0.0,0.0,0.0,0.0,0.0,0.0,0.0,0.0,0.0,0.0,0.0,0.0,0.0,0.0,0.0,0.0,0.0,0.0,0.0,0.0,0.0,0.0,0.0,0.0,0.0,0.0,0.0,0.0,0.0,0.0,0.0,0.0,0.0,0.0,0.0,0.0,0.0,0.0,0.0,0.0,0.0,0.0,0.0,0.0,0.0,0.0,0.0,0.0,0.0,0.0,0.0,0.0,0.0,0.0,0.0,0.0,0.0,0.0,0.0,0.0,0.0,0.0,0.0,0.0,0.0,0.0,0.0,0.0,0.0,0.0,0.0,0.0,0.0,0.0,0.0,0.0,0.0,0.0,0.0,0.0,0.0,0.0,0.0,0.0,0.0,0.0,0.0,0.0,0.0,0.0,0.0,0.0,0.0,0.0,0.0,0.0,0.0,0.0,0.0,0.0,0.0,0.0,0.0,0.0,0.0,0.0,0.0,0.0,0.0,0.0,0.0,0.0,0.0,0.0,0.0,0.0,0.0,0.0,0.0,0.0,0.0,0.0,0.0,0.0,0.0,0.0,0.0,0.0,0.0,0.0,0.0,0.0,0.0,0.0,0.0,0.0,0.0,0.0,0.0,0.0,0.0,0.0,0.0,0.0,0.0,0.0,0.0,0.0,0.0,0.0,0.0,0.0,0.0,0.0,0.0,0.0,0.0,0.0,0.0,0.0,0.0,0.0,0.0,0.0,0.0,0.0,0.0,0.0,0.0,0.0,0.0,0.0,0.0,0.0,0.0,0.0,0.0,0.0,0.0,0.0,0.0,0.0,0.0,0.0,0.0,0.0,0.0,0.0,0.0,0.0,0.0,0.0,0.0,0.0,0.0,0.0,0.0,0.0,0.0,0.0,0.0,0.0,0.0,0.0,0.0,0.0,0.0,0.0,0.0,0.0,0.0,0.0,0.0,0.0,0.0,0.0,0.0,0.0,0.0,0.0,0.0,0.0,0.0,0.0,0.0,0.0,0.0,0.0,0.0,0.0,0.0,0.0,0.0,0.0,0.0,0.0,0.0,0.0,0.0,0.0,0.0,0.0,0.0,0.0,0.0,0.0,0.0,0.0,0.0,0.0,0.0,0.0,0.0,0.0,0.0,0.0,0.0,0.0,0.0,0.0,0.0,0.0,0.0,0.0,0.0,0.0,0.0,0.0,0.0,0.0,0.0,0.0,0.0,0.0,0.0,0.0,0.0,0.0,0.0,0.0,0.0,0.0,0.0,0.0,0.0,0.0,0.0,0.0,0.0,0.0,0.0,0.0,0.0,0.0,0.0,0.0,0.0,0.0,0.0,0.0,0.0,0.0,0.0,0.0,0.0,0.0,0.0,0.0
./Messidor_Classified\Grade_4_Proliferative\c6.jpg,0.5932726263999939,0.004463902208954096,0.007161387242376804,0.030986269935965538,0.0004437797761056572,7.831407856428996e-05,0.0,0.0,8.70156418386614e-06,0.0009745751740410924,0.042089466005563736,0.7296000719070435,0.10807342827320099,0.004994697868824005,0.0021405848674476147,5.2209383284207433e-05,0.0,0.0,0.0,0.01776859350502491,0.16376343369483948,0.013783277943730354,0.0008179470314644277,0.0,0.0,0.0,0.0,0.0,3.480625673546456e-05,6.0910948377568275e-05,0.0,0.0,0.0,0.0,0.0,0.0,0.0,0.0,0.0,0.0,0.0,0.0,0.0,0.0,0.0,0.0,0.0,0.0,0.0,0.0,0.0,0.0,0.0,0.0,0.0,0.0,0.0,0.0,0.0,0.0,0.0,0.0,0.0,0.0,0.0,7.831407856428996e-05,8.70156418386614e-06,0.0,0.0,0.0,0.0,0.0,0.0,0.0016445956425741315,0.015340857207775116,0.09660476446151733,0.008988715708255768,0.00030455473461188376,0.00012182189675513655,4.35078218288254e-05,0.0,0.0,0.00225370517000556,0.12754753232002258,0.21376262605190277,0.04302053153514862,0.0092932702973485,0.00010441876656841487,0.0,0.0,0.0,0.0,0.0004872875870205462,0.012808702886104584,0.010320055298507214,0.00020883753313682973,0.0,0.0,0.0,0.0,0.0,0.0,8.70156418386614e-06,0.0,0.0,0.0,0.0,0.0,0.0,0.0,0.0,0.0,0.0,0.0,0.0,0.0,0.0,0.0,0.0,0.0,0.0,0.0,0.0,0.0,0.0,0.0,0.0,0.0,0.0,0.0,0.0,0.0,0.0,0.0,0.0,0.0,0.0,8.70156418386614e-06,0.0001740312873153016,0.0,0.0,0.0,0.0,0.0,0.0,0.0,0.0017577159451320767,0.0028889193199574947,1.740312836773228e-05,0.0,0.0,8.70156418386614e-06,0.0,0.0,0.0,0.0,0.0,3.480625673546456e-05,0.0038895991165190935,0.0009049626532942057,0.0,0.0,0.0,0.0,0.0,0.0,0.0025669613387435675,0.003202175721526146,0.0,0.0,0.0,0.0,0.0,0.0,0.0,0.0,0.0,0.0,0.0,0.0,0.0,0.0,0.0,0.0,0.0,0.0,0.0,0.0,0.0,0.0,0.0,0.0,0.0,0.0,0.0,0.0,0.0,0.0,0.0,0.0,0.0,0.0,0.0,0.0,0.0,0.0,0.0,0.0,0.0,0.0,0.0,0.0,0.0,0.0,0.0,0.0,0.0,0.0,0.0,0.0,0.0,0.0,0.0,0.0,0.0,0.0,0.0,0.0,0.0,0.0,8.70156418386614e-06,0.0008092454518191516,0.0,0.0,0.0,0.0,0.0,0.0,0.0,0.0008179470314644277,0.0,0.0,0.0,0.0,0.0,0.0,0.0,0.0,0.0,0.0,0.0,0.0,0.0,0.0,0.0,0.0,0.0,0.0,0.0,0.0,0.0,0.0,0.0,0.0,0.0,0.0,0.0,0.0,0.0,0.0,0.0,0.0,0.0,0.0,0.0,0.0,0.0,0.0,0.0,0.0,0.0,0.0,0.0,0.0,0.0,0.0,0.0,0.0,0.0,0.0,0.0,0.0,0.0,0.0,0.0,0.0,0.0,0.0,0.0,0.0,0.0,0.0,0.0,0.00045248132664710283,0.0,0.0,0.0,0.0,0.0,0.0,0.0,0.0,0.0,0.0,0.0,0.0,0.0,0.0,0.0,0.0,0.0,0.0,0.0,0.0,0.0,0.0,0.0,0.0,0.0,0.0,0.0,0.0,0.0,0.0,0.0,0.0,0.0,0.0,0.0,0.0,0.0,0.0,0.0,0.0,0.0,0.0,0.0,0.0,0.0,0.0,0.0,0.0,0.0,0.0,0.0,0.0,0.0,0.0,0.0,0.0,0.0,0.0,0.0,0.0,0.0,0.0,0.0,0.0,0.0,0.0,0.0,0.0,0.0,0.0,0.0,0.0,0.0,0.0,0.0,0.0,0.0,0.0,0.0,0.0,0.0,0.0,0.0,0.0,0.0,0.0,0.0,0.0,0.0,0.0,0.0,0.0,0.0,0.0,0.0,0.0,0.0,0.0,0.0,0.0,0.0,0.0,0.0,0.0,0.0,0.0,0.0,0.0,0.0,0.0,0.0,0.0,0.0,0.0,0.0,0.0,0.0,0.0,0.0,0.0,0.0,0.0,0.0,0.0,0.0,0.0,0.0,0.0,0.0,0.0,0.0,0.0,0.0,0.0,0.0,0.0,0.0,0.0,0.0,0.0,0.0,0.0,0.0,0.0,0.0,0.0,0.0,0.0,0.0,0.0,0.0,0.0,0.0,0.0,0.0,0.0,0.0,0.0,0.0,0.0,0.0,0.0,0.0,0.0,0.0,0.0,0.0,0.0,0.0,0.0,0.0,0.0,0.0,0.0,0.0,0.0,0.0,0.0,0.0,0.0,0.0,0.0,0.0,0.0,0.0,0.0,0.0,0.0,0.0,0.0,0.0,0.0,0.0,0.0,0.0,0.0,0.0,0.0,0.0,0.0,0.0,0.0,0.0,0.0,0.0,0.0,0.0,0.0
./Messidor_Classified\Grade_4_Proliferative\c7.jpg,0.5316590070724487,0.0039968471974134445,0.0012930975062772632,0.03374592587351799,0.0002586195187177509,0.00022727169562131166,0.0,0.0,0.0,0.0009169237455353141,0.025595495477318764,0.7897220849990845,0.23427793383598328,0.005376150831580162,0.00013322822633199394,0.0,0.0,0.0,0.0,0.007217835634946823,0.14626891911029816,0.006810313556343317,0.0005799346836283803,0.0,0.0,0.0,0.0,0.0,0.0,0.00012539127783384174,0.0,0.0,0.0,0.0,0.0,0.0,0.0,0.0,0.0,0.0,0.0,0.0,0.0,0.0,0.0,0.0,0.0,0.0,0.0,0.0,0.0,0.0,0.0,0.0,0.0,0.0,0.0,0.0,0.0,0.0,0.0,0.0,0.0,0.0,0.0,4.702172736870125e-05,0.0,0.0,0.0,0.0,0.0,0.0,0.0,0.0016222496051341295,0.018981104716658592,0.09126917272806168,0.005352640058845282,0.00041535860509611666,7.836954864615109e-06,0.0,0.0,0.0,0.0020219343714416027,0.05880067124962807,0.05524269491434097,0.012335366569459438,0.003534466726705432,0.0,0.0,0.0,0.0,0.0,0.0,0.0019043800421059132,0.006700596306473017,5.485868314281106e-05,0.0,0.0,0.0,0.0,0.0,0.0,7.053259469103068e-05,7.836954864615109e-06,0.0,0.0,0.0,0.0,0.0,0.0,0.0,0.0,0.0,0.0,0.0,0.0,0.0,0.0,0.0,0.0,0.0,0.0,0.0,0.0,0.0,0.0,0.0,0.0,0.0,0.0,0.0,0.0,0.0,0.0,0.0,0.0,0.0,0.0,2.3510863684350625e-05,0.0,0.0,0.0,0.0,0.0,0.0,0.0,0.0007680215639993548,0.0003526629589032382,0.0,0.0,6.269563891692087e-05,0.0,0.0,0.0,0.0,0.0,0.0,0.0,0.0015673909801989794,0.00028996734181419015,0.0,0.0,0.0,0.0,0.0,0.0,0.0005720977205783129,0.0017084561986848712,0.0,0.0,0.0,0.0,0.0,0.0,0.0,3.1347819458460435e-05,0.0,0.0,0.0,0.0,0.0,0.0,0.0,0.0,0.0,0.0,0.0,0.0,0.0,0.0,0.0,0.0,0.0,0.0,0.0,0.0,0.0,0.0,0.0,0.0,0.0,0.0,0.0,0.0,0.0,0.0,0.0,0.0,0.0,0.0,0.0,0.0,0.0,0.0,0.0,0.0,0.0,0.0,0.0,0.0,0.0,0.0,7.836954864615109e-06,3.1347819458460435e-05,0.0,0.0,0.0,0.0,0.0,0.0,5.485868314281106e-05,0.0006739781238138676,0.0,0.0,0.0,0.0,0.0,0.0,0.0,0.000862065062392503,0.0,0.0,0.0,0.0,0.0,0.0,0.0,0.0,0.0,0.0,0.0,0.0,0.0,0.0,0.0,0.0,0.0,0.0,0.0,0.0,0.0,0.0,0.0,0.0,0.0,0.0,0.0,0.0,0.0,0.0,0.0,0.0,0.0,0.0,0.0,0.0,0.0,0.0,0.0,0.0,0.0,0.0,0.0,0.0,0.0,0.0,0.0,0.0,0.0,0.0,0.0,0.0,0.0,0.0,0.0,0.0,0.0,0.0,0.0,0.0,0.0,0.0,0.0,0.0007758585270494223,0.0,0.0,0.0,0.0,0.0,0.0,0.0,5.485868314281106e-05,0.0,0.0,0.0,0.0,0.0,0.0,0.0,0.0,0.0,0.0,0.0,0.0,0.0,0.0,0.0,0.0,0.0,0.0,0.0,0.0,0.0,0.0,0.0,0.0,0.0,0.0,0.0,0.0,0.0,0.0,0.0,0.0,0.0,0.0,0.0,0.0,0.0,0.0,0.0,0.0,0.0,0.0,0.0,0.0,0.0,0.0,0.0,0.0,0.0,0.0,0.0,0.0,0.0,0.0,0.0,0.0,0.0,0.0,0.0,0.0,0.0,0.0,0.0,0.0,0.0,0.0,0.0,0.0,0.0,0.0,0.0,0.0,0.0,0.0,0.0,0.0,0.0,0.0,0.0,0.0,0.0,0.0,0.0,0.0,0.0,0.0,0.0,0.0,0.0,0.0,0.0,0.0,0.0,0.0,0.0,0.0,0.0,0.0,0.0,0.0,0.0,0.0,0.0,0.0,0.0,0.0,0.0,0.0,0.0,0.0,0.0,0.0,0.0,0.0,0.0,0.0,0.0,0.0,0.0,0.0,0.0,0.0,0.0,0.0,0.0,0.0,0.0,0.0,0.0,0.0,0.0,0.0,0.0,0.0,0.0,0.0,0.0,0.0,0.0,0.0,0.0,0.0,0.0,0.0,0.0,0.0,0.0,0.0,0.0,0.0,0.0,0.0,0.0,0.0,0.0,0.0,0.0,0.0,0.0,0.0,0.0,0.0,0.0,0.0,0.0,0.0,0.0,0.0,0.0,0.0,0.0,0.0,0.0,0.0,0.0,0.0,0.0,0.0,0.0,0.0,0.0,0.0,0.0,0.0,0.0,0.0,0.0,0.0,0.0,0.0,0.0,0.0,0.0,0.0,0.0,0.0,0.0,0.0,0.0,0.0
./Messidor_Classified\Grade_4_Proliferative\c8.jpg,0.6992177963256836,0.005515833850950003,0.00019194293417967856,9.092033724300563e-05,0.0009395101806148887,5.051129846833646e-05,2.0204519387334585e-05,0.0,0.0,0.00048490846529603004,0.0016971796285361052,0.005323891062289476,0.1948927938938141,0.042651738971471786,0.009789089672267437,0.00012122711632400751,0.0,0.0,0.0,0.00023235197295434773,0.3815724551677704,0.3303641080856323,0.0888998880982399,0.0034246661234647036,0.0,0.0,0.0,0.0,0.0,2.0204519387334585e-05,0.002879143925383687,0.0013537027407437563,0.0,0.0,0.0,0.0,0.0,0.0,0.0,0.0,0.0,0.0,0.0,0.0,0.0,0.0,0.0,0.0,0.0,0.0,0.0,0.0,0.0,0.0,0.0,0.0,0.0,0.0,0.0,0.0,0.0,0.0,0.0,0.0,0.0,2.0204519387334585e-05,0.0,0.0,0.0,0.0,0.0,0.0,0.0,0.00011112485663034022,0.003172109602019191,0.00584920821711421,0.03626711294054985,0.004081313032656908,0.00048490846529603004,3.0306779081001878e-05,0.0,0.0,7.071581785567105e-05,0.020194416865706444,0.4105861485004425,0.16392937302589417,0.08175759017467499,0.008182830177247524,0.0,0.0,0.0,0.0,0.0004950107540935278,0.017042512074112892,0.05222868174314499,0.034903306514024734,0.0,0.0,0.0,0.0,0.0,0.0,0.000535419792868197,0.003212518524378538,0.0,0.0,0.0,0.0,0.0,0.0,0.0,0.0,0.0,0.0,0.0,0.0,0.0,0.0,0.0,0.0,0.0,0.0,0.0,0.0,0.0,0.0,0.0,0.0,0.0,0.0,0.0,0.0,0.0,0.0,0.0,0.0,0.0,0.0,0.00010102259693667293,9.092033724300563e-05,0.0,0.0,0.0,0.0,0.0,0.0,0.00012122711632400751,0.007010968402028084,0.007122092880308628,3.0306779081001878e-05,0.0,4.040903877466917e-05,0.0,0.0,0.0,0.0,0.000828385294880718,0.0004242949071340263,0.0031923139467835426,0.0033943592570722103,0.0,0.0,0.0,0.0,0.0,0.0,0.002636689692735672,0.010203282348811626,0.0,0.0,0.0,0.0,0.0,0.0,0.0,0.00011112485663034022,0.0,0.0,0.0,0.0,0.0,0.0,0.0,0.0,0.0,0.0,0.0,0.0,0.0,0.0,0.0,0.0,0.0,0.0,0.0,0.0,0.0,0.0,0.0,0.0,0.0,0.0,0.0,0.0,0.0,0.0,0.0,0.0,0.0,0.0,0.0,0.0,0.0,0.0,0.0,0.0,0.0,0.0,0.0,0.0,5.051129846833646e-05,0.0,0.0,0.0,0.0,0.0,0.0,0.0,0.0,0.0,0.0,0.0,0.0,0.0,0.0,0.0,0.0,0.0,0.0,0.0,0.0,0.0,0.0,0.0,0.0,0.0,0.0,0.0,0.0,0.0,0.0,0.0,0.0,0.0,0.0,0.0,0.0,0.0,0.0,0.0,0.0,0.0,0.0,0.0,0.0,0.0,0.0,0.0,0.0,0.0,0.0,0.0,0.0,0.0,0.0,0.0,0.0,0.0,0.0,0.0,0.0,0.0,0.0,0.0,0.0,0.0,0.0,0.0,0.0,0.0,0.0,0.0,0.0,0.0,0.0,0.0,0.0,0.0,0.0,0.0,0.0,0.0,0.0,0.0,0.0,0.0,0.0,0.0,0.0,0.0,0.0,0.0,0.0,0.0,0.0,0.0,0.0,0.0,0.0,0.0,0.0,0.0,0.0,0.0,0.0,0.0,0.0,0.0,0.0,0.0,0.0,0.0,0.0,0.0,0.0,0.0,0.0,0.0,0.0,0.0,0.0,0.0,0.0,0.0,0.0,0.0,0.0,0.0,0.0,0.0,0.0,0.0,0.0,0.0,0.0,0.0,0.0,0.0,0.0,0.0,0.0,0.0,0.0,0.0,0.0,0.0,0.0,0.0,0.0,0.0,0.0,0.0,0.0,0.0,0.0,0.0,0.0,0.0,0.0,0.0,0.0,0.0,0.0,0.0,0.0,0.0,0.0,0.0,0.0,0.0,0.0,0.0,0.0,0.0,0.0,0.0,0.0,0.0,0.0,0.0,0.0,0.0,0.0,0.0,0.0,0.0,0.0,0.0,0.0,0.0,0.0,0.0,0.0,0.0,0.0,0.0,0.0,0.0,0.0,0.0,0.0,0.0,0.0,0.0,0.0,0.0,0.0,0.0,0.0,0.0,0.0,0.0,0.0,0.0,0.0,0.0,0.0,0.0,0.0,0.0,0.0,0.0,0.0,0.0,0.0,0.0,0.0,0.0,0.0,0.0,0.0,0.0,0.0,0.0,0.0,0.0,0.0,0.0,0.0,0.0,0.0,0.0,0.0,0.0,0.0,0.0,0.0,0.0,0.0,0.0,0.0,0.0,0.0,0.0,0.0,0.0,0.0,0.0,0.0,0.0,0.0,0.0,0.0,0.0,0.0,0.0,0.0,0.0,0.0,0.0,0.0,0.0,0.0,0.0,0.0,0.0,0.0,0.0,0.0,0.0,0.0,0.0,0.0,0.0,0.0,0.0,0.0,0.0,0.0,0.0,0.0,0.0
./Messidor_Classified\Grade_4_Proliferative\c9.jpg,0.5852776169776917,0.0042518191039562225,0.00033677773899398744,0.0,0.0,0.0,0.0,0.0,0.0,0.0011113665532320738,0.0013386915670707822,0.00026100274408236146,0.05068504810333252,0.08373978734016418,0.0022564108949154615,0.0,0.0,0.0,0.0,1.6838886949699372e-05,0.13615082204341888,0.7489179372787476,0.17946043610572815,0.00021890553762204945,0.0,0.0,0.0,0.0,0.0,0.01252813171595335,0.023843863978981972,0.00035361663321964443,0.0,0.0,0.0,0.0,0.0,0.0,1.6838886949699372e-05,0.0,0.0,0.0,0.0,0.0,0.0,0.0,0.0,0.0,0.0,0.0,0.0,0.0,0.0,0.0,0.0,0.0,0.0,0.0,0.0,0.0,0.0,0.0,0.0,0.0,0.0,0.0,0.0,0.0,0.0,0.0,0.0,0.0,0.0,0.00031993884476833045,0.0021301191300153732,0.0006146193481981754,0.0010440109763294458,8.419443474849686e-06,0.0,0.0,0.0,0.0,0.0007998471264727414,0.0036540385335683823,0.1610892117023468,0.08277154713869095,0.005363185424357653,0.00010945276881102473,0.0,0.0,0.0,1.6838886949699372e-05,0.030436288565397263,0.030949873849749565,0.024264836683869362,0.002921546809375286,0.0,0.0,0.0,0.0,0.0,0.0,0.002786835888400674,0.008200538344681263,0.0,0.0,0.0,0.0,0.0,0.0,0.0,8.419443474849686e-05,0.0,0.0,0.0,0.0,0.0,0.0,0.0,0.0,0.0,0.0,0.0,0.0,0.0,0.0,0.0,0.0,0.0,0.0,0.0,0.0,0.0,0.0,0.0,0.0,0.0,0.0,0.0,0.0,0.0,0.0,0.0,0.0,0.0,0.0,0.00018522774917073548,0.0028962886426597834,0.0015744359698146582,3.3677773899398744e-05,0.0,0.0,0.0,0.0,0.0,0.0008840415393933654,0.00825947429984808,0.0007072332664392889,1.6838886949699372e-05,1.6838886949699372e-05,0.0,0.0,0.0,0.0,0.0,0.0,0.0,0.0022564108949154615,0.0,0.0,0.0,0.0,0.0,0.0,0.0,0.0019364720210433006,0.0,0.0,0.0,0.0,0.0,0.0,0.0,0.0,0.0,0.0,0.0,0.0,0.0,0.0,0.0,0.0,0.0,0.0,0.0,0.0,0.0,0.0,0.0,0.0,0.0,0.0,0.0,0.0,0.0,0.0,0.0,0.0,0.0,0.0,0.0,0.0,0.0,0.0,0.0,0.0,0.0,0.0,0.0,8.419443474849686e-06,0.0,0.0,0.0,0.0,0.0,0.0,0.0,0.0,0.0,0.0,0.0,0.0,0.0,0.0,0.0,0.0,0.0,0.0,0.0,0.0,0.0,0.0,0.0,0.0,0.0,0.0,0.0,0.0,0.0,0.0,0.0,0.0,0.0,0.0,0.0,0.0,0.0,0.0,0.0,0.0,0.0,0.0,0.0,0.0,0.0,0.0,0.0,0.0,0.0,0.0,0.0,0.0,0.0,0.0,0.0,0.0,0.0,0.0,0.0,0.0,0.0,0.0,0.0,0.0,0.0,0.0,0.0,0.0,0.0,0.0,0.0,0.0,0.0,0.0,0.0,0.0,0.0,0.0,0.0,0.0,0.0,0.0,0.0,0.0,0.0,0.0,0.0,0.0,0.0,0.0,0.0,0.0,0.0,0.0,0.0,0.0,0.0,0.0,0.0,0.0,0.0,0.0,0.0,0.0,0.0,0.0,0.0,0.0,0.0,0.0,0.0,0.0,0.0,0.0,0.0,0.0,0.0,0.0,0.0,0.0,0.0,0.0,0.0,0.0,0.0,0.0,0.0,0.0,0.0,0.0,0.0,0.0,0.0,0.0,0.0,0.0,0.0,0.0,0.0,0.0,0.0,0.0,0.0,0.0,0.0,0.0,0.0,0.0,0.0,0.0,0.0,0.0,0.0,0.0,0.0,0.0,0.0,0.0,0.0,0.0,0.0,0.0,0.0,0.0,0.0,0.0,0.0,0.0,0.0,0.0,0.0,0.0,0.0,0.0,0.0,0.0,0.0,0.0,0.0,0.0,0.0,0.0,0.0,0.0,0.0,0.0,0.0,0.0,0.0,0.0,0.0,0.0,0.0,0.0,0.0,0.0,0.0,0.0,0.0,0.0,0.0,0.0,0.0,0.0,0.0,0.0,0.0,0.0,0.0,0.0,0.0,0.0,0.0,0.0,0.0,0.0,0.0,0.0,0.0,0.0,0.0,0.0,0.0,0.0,0.0,0.0,0.0,0.0,0.0,0.0,0.0,0.0,0.0,0.0,0.0,0.0,0.0,0.0,0.0,0.0,0.0,0.0,0.0,0.0,0.0,0.0,0.0,0.0,0.0,0.0,0.0,0.0,0.0,0.0,0.0,0.0,0.0,0.0,0.0,0.0,0.0,0.0,0.0,0.0,0.0,0.0,0.0,0.0,0.0,0.0,0.0,0.0,0.0,0.0,0.0,0.0,0.0,0.0,0.0,0.0,0.0,0.0,0.0,0.0,0.0,0.0,0.0,0.0,0.0,0.0,0.0,0.0
